Usage_ID,Account,TS,Service,SKU,Usage_seconds,Cost_INR,Region,Ticket_ID,Spike_Flag
U6000,ACCT-001,2026-04-03 05:46:00+00:00,Database,DB-GP-2,777480.0,474.22,ap-south-1,t-77,False
U6001,ACCT-002,2026-07-22 20:44:00+00:00,Networking,STORAGE-PREM,4459.0,1126.16,ap-south-1,T-12,False
U6002,ACCT-001,2026-10-03 02:14:00+00:00,Ai,VM-STD-4,3982.0,365.62,us-east-1,T-45,False
U6003,ACCT-001,2026-06-13 17:07:00+00:00,Database,VM-STD-4,16040.0,1083.85,ap-south-1,T-12,False
U6004,ACCT-002,2026-01-13 10:30:00+00:00,Compute,VM-STD-4,61556400.0,192.56,ap-south-1,T-45,False
U6005,ACCT-004,2026-08-18 07:09:00+00:00,Storage,VM-STD-4,18327600.0,129.81,ap-south-1,t-33,False
U6006,ACCT-001,2026-09-14 22:30:00+00:00,Networking,VM-STD-4,565320.0,510.53,us-east-1,T-12,False
U6007,ACCT-001,2026-08-13 09:24:00+00:00,Compute,VM-STD-4,16132.0,1537.65,ap-south-1,t-33,False
U6008,ACCT-003,2026-08-31 01:21:00+00:00,Database,VM-STD-4,2246220000.0,38426.799999999996,ap-south-1,t-77,True
U6009,ACCT-003,2026-01-04 04:37:00+00:00,Storage,DB-GP-2,12166.0,807.1,us-east-1,T-12,False
U6010,ACCT-004,2026-01-12 00:09:00+00:00,Database,VM-STD-4,383940.0,583.59,ap-south-1,t-33,False
U6011,ACCT-004,2026-10-27 18:07:00+00:00,Ai,VM-STD-4,739920.0,368.27,us-east-1,t-77,False
U6012,ACCT-002,2026-02-11 16:34:00+00:00,Ai,VM-STD-4,425.0,817.6,us-east-1,T-12,False
U6013,ACCT-003,2026-06-11 09:32:00+00:00,Storage,STORAGE-PREM,12235.0,836.27,ap-south-1,t-33,False
U6014,ACCT-001,2026-07-13 14:15:00+00:00,Ai,VM-STD-4,3177.0,1107.0,us-east-1,T-45,False
U6015,ACCT-004,2026-02-17 01:09:00+00:00,Storage,DB-GP-2,15438.0,247.17,ap-south-1,t-77,False
U6016,ACCT-001,2026-01-01 00:24:00+00:00,Storage,VM-STD-4,59756400.0,1964.36,us-east-1,T-12,False
U6017,ACCT-001,2026-06-03 09:50:00+00:00,Networking,DB-GP-2,22672800.0,1210.62,ap-south-1,T-12,False
U6018,ACCT-001,2026-09-26 13:35:00+00:00,Compute,STORAGE-PREM,156180.0,1738.21,us-east-1,t-77,False
U6019,ACCT-002,2026-09-07 12:33:00+00:00,Compute,VM-STD-4,14350.0,1708.01,us-east-1,T-45,False
U6020,ACCT-003,2026-10-11 07:36:00+00:00,Ai,VM-STD-4,10689.0,1550.18,ap-south-1,T-12,False
U6021,ACCT-002,2026-10-21 10:57:00+00:00,Networking,VM-STD-4,9353.0,1889.22,ap-south-1,t-33,False
U6022,ACCT-003,2026-05-13 16:47:00+00:00,Storage,VM-STD-4,9651.0,318.61,ap-south-1,T-45,False
U6023,ACCT-004,2026-11-28 04:26:00+00:00,Ai,STORAGE-PREM,31060800.0,1219.93,us-east-1,T-45,False
U6024,ACCT-003,2026-01-18 09:51:00+00:00,Compute,STORAGE-PREM,17501.0,1174.29,ap-south-1,t-77,False
U6025,ACCT-003,2026-10-10 22:46:00+00:00,Networking,VM-STD-4,992820.0,1556.62,ap-south-1,t-33,False
U6026,ACCT-001,2026-01-09 17:12:00+00:00,Compute,DB-GP-2,1087620.0,1618.84,us-east-1,t-77,False
U6027,ACCT-004,2026-04-24 23:57:00+00:00,Storage,VM-STD-4,61714800.0,870.72,ap-south-1,T-12,False
U6028,ACCT-002,2026-12-12 06:19:00+00:00,Compute,STORAGE-PREM,8276.0,1731.35,us-east-1,T-12,False
U6029,ACCT-004,2026-05-10 21:55:00+00:00,Ai,VM-STD-4,1411.0,131.57,ap-south-1,T-12,False
U6030,ACCT-002,2026-04-02 22:56:00+00:00,Storage,DB-GP-2,6363.0,1196.17,ap-south-1,T-12,False
U6031,ACCT-003,2026-10-01 14:32:00+00:00,Database,VM-STD-4,16951.0,1499.33,ap-south-1,t-33,False
U6032,ACCT-001,2026-03-29 01:44:00+00:00,Networking,VM-STD-4,304320.0,1344.71,ap-south-1,t-33,False
U6033,ACCT-003,2026-03-04 07:18:00+00:00,Database,VM-STD-4,18138.0,844.63,ap-south-1,T-12,False
U6034,ACCT-004,2026-10-23 14:30:00+00:00,Ai,VM-STD-4,715560.0,1383.81,ap-south-1,T-45,False
U6035,ACCT-001,2026-02-17 19:26:00+00:00,Storage,VM-STD-4,14775.0,651.01,us-east-1,T-12,False
U6036,ACCT-003,2026-03-20 03:56:00+00:00,Database,VM-STD-4,634320.0,1258.55,ap-south-1,t-33,False
U6037,ACCT-001,2026-08-25 21:30:00+00:00,Ai,STORAGE-PREM,21672000.0,528.87,ap-south-1,T-12,False
U6038,ACCT-003,2026-05-16 15:29:00+00:00,Ai,DB-GP-2,12602.0,541.47,ap-south-1,t-77,False
U6039,ACCT-004,2026-07-05 08:08:00+00:00,Database,VM-STD-4,1104960.0,1418.34,ap-south-1,t-77,False
U6040,ACCT-004,2026-03-22 21:30:00+00:00,Storage,VM-STD-4,632160.0,311.44,ap-south-1,t-33,False
U6041,ACCT-002,2026-06-27 22:58:00+00:00,Database,VM-STD-4,6658.0,1779.96,ap-south-1,t-33,False
U6042,ACCT-004,2026-07-04 14:40:00+00:00,Networking,DB-GP-2,950160.0,1822.22,us-east-1,t-33,False
U6043,ACCT-004,2026-04-16 02:10:00+00:00,Ai,VM-STD-4,11534400.0,1430.79,ap-south-1,T-45,False
U6044,ACCT-004,2026-10-27 09:01:00+00:00,Ai,VM-STD-4,811800.0,811.24,us-east-1,t-33,False
U6045,ACCT-003,2026-02-05 23:36:00+00:00,Database,VM-STD-4,9757.0,65.52,us-east-1,t-33,False
U6046,ACCT-001,2026-06-14 02:26:00+00:00,Storage,STORAGE-PREM,16689600.0,1290.25,us-east-1,T-45,False
U6047,ACCT-003,2026-07-02 00:23:00+00:00,Storage,VM-STD-4,6110.0,1095.33,us-east-1,t-33,False
U6048,ACCT-004,2026-04-22 03:09:00+00:00,Networking,VM-STD-4,19317.0,1985.11,ap-south-1,t-33,False
U6049,ACCT-003,2026-09-22 05:18:00+00:00,Ai,DB-GP-2,12805.0,207.36,ap-south-1,t-77,False
U6050,ACCT-003,2026-05-24 12:17:00+00:00,Compute,VM-STD-4,14901.0,946.82,us-east-1,T-12,False
U6051,ACCT-002,2026-11-08 17:54:00+00:00,Ai,VM-STD-4,94680.0,1236.95,ap-south-1,T-45,False
U6052,ACCT-002,2026-04-06 23:02:00+00:00,Storage,DB-GP-2,632580.0,1536.73,us-east-1,T-45,False
U6053,ACCT-004,2026-08-03 16:59:00+00:00,Ai,STORAGE-PREM,33991200.0,1203.63,us-east-1,T-45,False
U6054,ACCT-004,2026-08-10 07:33:00+00:00,Database,STORAGE-PREM,181200.0,1652.54,ap-south-1,T-12,False
U6055,ACCT-002,2026-09-02 21:03:00+00:00,Storage,VM-STD-4,13924800.0,1191.36,ap-south-1,t-33,False
U6056,ACCT-004,2026-11-30 17:42:00+00:00,Database,STORAGE-PREM,4216.0,241.04,us-east-1,t-77,False
U6057,ACCT-002,2026-08-05 06:10:00+00:00,Database,DB-GP-2,9922.0,1350.9,ap-south-1,t-77,False
U6058,ACCT-003,2026-03-10 06:49:00+00:00,Storage,DB-GP-2,19875.0,479.21,ap-south-1,T-12,False
U6059,ACCT-002,2026-08-07 19:52:00+00:00,Networking,STORAGE-PREM,2772.0,1887.34,ap-south-1,t-77,False
U6060,ACCT-004,2026-08-11 17:05:00+00:00,Networking,VM-STD-4,16372.0,444.75,ap-south-1,t-33,False
U6061,ACCT-004,2026-07-27 05:00:00+00:00,Ai,VM-STD-4,6455.0,1922.67,us-east-1,t-33,False
U6062,ACCT-003,2026-08-24 22:38:00+00:00,Storage,VM-STD-4,16323.0,450.32,ap-south-1,t-33,False
U6063,ACCT-003,2026-09-28 11:57:00+00:00,Storage,VM-STD-4,586440.0,137.68,ap-south-1,t-77,False
U6064,ACCT-003,2026-05-23 15:41:00+00:00,Storage,VM-STD-4,10310.0,582.44,us-east-1,T-12,False
U6065,ACCT-002,2026-07-25 23:27:00+00:00,Compute,VM-STD-4,67060800.0,1869.45,ap-south-1,t-77,False
U6066,ACCT-003,2026-10-23 05:06:00+00:00,Compute,VM-STD-4,84900.0,733.64,ap-south-1,T-45,False
U6067,ACCT-001,2026-02-21 04:45:00+00:00,Storage,STORAGE-PREM,34660800.0,1999.13,ap-south-1,t-33,False
U6068,ACCT-004,2026-06-09 13:26:00+00:00,Compute,DB-GP-2,474180.0,1312.35,ap-south-1,t-77,False
U6069,ACCT-003,2026-03-17 18:09:00+00:00,Compute,VM-STD-4,17594.0,1355.7,ap-south-1,t-33,False
U6070,ACCT-002,2026-11-03 11:24:00+00:00,Storage,STORAGE-PREM,738550.0,13172.8,ap-south-1,t-33,False
U6071,ACCT-004,2026-12-03 09:54:00+00:00,Compute,STORAGE-PREM,4896000.0,1267.33,ap-south-1,T-45,False
U6072,ACCT-003,2026-04-26 22:55:00+00:00,Database,VM-STD-4,9960.0,57.04,us-east-1,T-12,False
U6073,ACCT-002,2026-03-25 22:38:00+00:00,Database,DB-GP-2,4285.0,921.06,us-east-1,t-77,False
U6074,ACCT-004,2026-04-03 13:22:00+00:00,Networking,VM-STD-4,11552.0,1896.02,ap-south-1,T-45,False
U6075,ACCT-002,2026-02-13 07:10:00+00:00,Networking,VM-STD-4,40068000.0,1788.68,us-east-1,t-33,False
U6076,ACCT-002,2026-02-09 16:38:00+00:00,Storage,STORAGE-PREM,14776.0,1148.67,ap-south-1,t-77,False
U6077,ACCT-003,2026-10-14 03:48:00+00:00,Ai,VM-STD-4,5542.0,1302.16,ap-south-1,T-12,False
U6078,ACCT-001,2026-03-10 13:46:00+00:00,Ai,VM-STD-4,17716.0,200.55,ap-south-1,T-45,False
U6079,ACCT-003,2026-12-10 17:14:00+00:00,Ai,VM-STD-4,10533600.0,1119.74,ap-south-1,t-33,False
U6080,ACCT-002,2026-03-09 04:29:00+00:00,Storage,STORAGE-PREM,3291.0,1580.54,ap-south-1,t-33,False
U6081,ACCT-003,2026-10-06 08:27:00+00:00,Compute,VM-STD-4,815040.0,1323.49,ap-south-1,t-33,False
U6082,ACCT-003,2026-08-10 17:51:00+00:00,Compute,STORAGE-PREM,339600.0,1602.09,us-east-1,t-33,False
U6083,ACCT-002,2026-10-03 13:12:00+00:00,Compute,STORAGE-PREM,1569600.0,539.26,ap-south-1,T-12,False
U6084,ACCT-004,2026-03-26 06:16:00+00:00,Database,VM-STD-4,8512.0,233.72,ap-south-1,t-77,False
U6085,ACCT-004,2026-08-04 19:27:00+00:00,Database,VM-STD-4,665940.0,1230.28,us-east-1,t-33,False
U6086,ACCT-002,2026-06-27 05:26:00+00:00,Storage,STORAGE-PREM,5320.0,148.63,ap-south-1,t-77,False
U6087,ACCT-004,2026-05-31 20:32:00+00:00,Ai,STORAGE-PREM,516120.0,1135.35,us-east-1,t-77,False
U6088,ACCT-003,2026-09-04 16:26:00+00:00,Compute,STORAGE-PREM,559200.0,1340.12,us-east-1,t-77,False
U6089,ACCT-001,2026-05-20 21:33:00+00:00,Storage,VM-STD-4,39790800.0,1877.45,ap-south-1,t-33,False
U6090,ACCT-004,2026-11-14 16:56:00+00:00,Storage,VM-STD-4,58510800.0,1123.12,ap-south-1,t-77,False
U6091,ACCT-004,2026-02-28 23:40:00+00:00,Database,VM-STD-4,19803600.0,1279.99,ap-south-1,T-12,False
U6092,ACCT-002,2026-05-03 06:45:00+00:00,Database,VM-STD-4,3004.0,1149.55,ap-south-1,T-12,False
U6093,ACCT-001,2026-10-09 02:40:00+00:00,Compute,VM-STD-4,6524.0,788.14,ap-south-1,T-12,False
U6094,ACCT-004,2026-05-16 13:23:00+00:00,Ai,DB-GP-2,38174400.0,1102.47,ap-south-1,t-77,False
U6095,ACCT-001,2026-07-19 08:29:00+00:00,Database,VM-STD-4,7169.0,1143.07,ap-south-1,t-33,False
U6096,ACCT-002,2026-04-03 19:21:00+00:00,Database,VM-STD-4,135540.0,977.54,ap-south-1,t-33,False
U6097,ACCT-002,2026-01-13 15:16:00+00:00,Compute,VM-STD-4,17262000.0,1652.08,ap-south-1,T-45,False
U6098,ACCT-004,2026-12-10 00:23:00+00:00,Ai,STORAGE-PREM,5594400.0,100.67,ap-south-1,t-77,False
U6099,ACCT-002,2026-04-14 09:36:00+00:00,Compute,VM-STD-4,14001.0,122.45,us-east-1,t-77,False
U6100,ACCT-004,2026-11-12 03:46:00+00:00,Database,STORAGE-PREM,19597.0,318.97,ap-south-1,t-77,False
U6101,ACCT-001,2026-03-30 00:54:00+00:00,Ai,VM-STD-4,11878.0,520.2,ap-south-1,t-33,False
U6102,ACCT-004,2026-01-05 08:23:00+00:00,Database,DB-GP-2,28908000.0,1704.97,ap-south-1,t-33,False
U6103,ACCT-004,2026-11-16 04:28:00+00:00,Networking,STORAGE-PREM,1238400.0,119.13,ap-south-1,T-45,False
U6104,ACCT-003,2026-09-23 06:10:00+00:00,Ai,VM-STD-4,4446.0,1016.15,ap-south-1,T-12,False
U6105,ACCT-001,2026-10-18 21:44:00+00:00,Compute,VM-STD-4,12935.0,1738.58,us-east-1,t-33,False
U6106,ACCT-004,2026-02-14 11:52:00+00:00,Networking,STORAGE-PREM,989760.0,152.52,ap-south-1,t-77,False
U6107,ACCT-002,2026-09-18 23:03:00+00:00,Storage,STORAGE-PREM,60181200.0,1557.05,us-east-1,T-45,False
U6108,ACCT-003,2026-08-10 15:56:00+00:00,Networking,VM-STD-4,32162400.0,1497.55,ap-south-1,T-45,False
U6109,ACCT-002,2026-11-15 05:25:00+00:00,Ai,DB-GP-2,8215200.0,681.32,ap-south-1,t-33,False
U6110,ACCT-003,2026-08-20 07:19:00+00:00,Compute,VM-STD-4,16486.0,821.75,ap-south-1,t-77,False
U6111,ACCT-002,2026-06-16 18:30:00+00:00,Database,DB-GP-2,4948.0,43.83,ap-south-1,t-77,False
U6112,ACCT-002,2026-07-30 16:25:00+00:00,Ai,VM-STD-4,224520.0,1430.3,ap-south-1,t-77,False
U6113,ACCT-003,2026-01-16 20:25:00+00:00,Database,VM-STD-4,4470.0,68.07,ap-south-1,t-77,False
U6114,ACCT-002,2026-02-01 07:52:00+00:00,Networking,DB-GP-2,21484800.0,314.82,ap-south-1,t-77,False
U6115,ACCT-003,2026-03-16 07:01:00+00:00,Networking,VM-STD-4,33501600.0,109.17,ap-south-1,T-45,False
U6116,ACCT-001,2026-12-13 04:36:00+00:00,Storage,VM-STD-4,1129320.0,1188.95,us-east-1,t-33,False
U6117,ACCT-001,2026-08-21 08:20:00+00:00,Ai,DB-GP-2,2338.0,819.44,ap-south-1,T-45,False
U6118,ACCT-002,2026-07-13 16:49:00+00:00,Compute,STORAGE-PREM,44506800.0,823.94,us-east-1,t-33,False
U6119,ACCT-003,2026-03-23 22:05:00+00:00,Compute,VM-STD-4,53874000.0,999.7,ap-south-1,t-77,False
U6120,ACCT-002,2026-07-23 12:19:00+00:00,Ai,VM-STD-4,1043820.0,980.23,ap-south-1,T-12,False
U6121,ACCT-001,2026-01-12 13:06:00+00:00,Networking,VM-STD-4,9371.0,641.5,ap-south-1,T-45,False
U6122,ACCT-003,2026-05-14 18:11:00+00:00,Networking,DB-GP-2,8676.0,248.21,ap-south-1,T-12,False
U6123,ACCT-004,2026-10-23 04:41:00+00:00,Storage,VM-STD-4,68360400.0,153.47,ap-south-1,T-45,False
U6124,ACCT-001,2026-03-15 07:56:00+00:00,Database,VM-STD-4,8473.0,526.84,ap-south-1,T-45,False
U6125,ACCT-004,2026-09-25 08:53:00+00:00,Database,VM-STD-4,67500.0,667.62,ap-south-1,T-12,False
U6126,ACCT-003,2026-05-25 05:45:00+00:00,Storage,DB-GP-2,849120.0,192.22,ap-south-1,T-12,False
U6127,ACCT-001,2026-06-09 01:05:00+00:00,Networking,STORAGE-PREM,57542400.0,651.24,ap-south-1,t-33,False
U6128,ACCT-002,2026-08-26 08:58:00+00:00,Database,VM-STD-4,35784000.0,825.27,ap-south-1,T-12,False
U6129,ACCT-002,2026-07-04 16:26:00+00:00,Storage,VM-STD-4,1091040.0,1156.56,ap-south-1,T-12,False
U6130,ACCT-002,2026-07-30 22:27:00+00:00,Networking,VM-STD-4,13211.0,329.87,ap-south-1,t-33,False
U6131,ACCT-001,2026-03-12 18:51:00+00:00,Database,VM-STD-4,46382400.0,1691.69,ap-south-1,t-77,False
U6132,ACCT-004,2026-01-10 22:25:00+00:00,Storage,VM-STD-4,226.0,1430.29,us-east-1,T-12,False
U6133,ACCT-004,2026-12-04 18:19:00+00:00,Ai,STORAGE-PREM,56260800.0,1414.9,us-east-1,T-45,False
U6134,ACCT-001,2026-06-05 02:28:00+00:00,Networking,STORAGE-PREM,65365200.0,1392.7,ap-south-1,T-12,False
U6135,ACCT-003,2026-03-06 11:01:00+00:00,Compute,VM-STD-4,14927.0,1008.3,ap-south-1,T-45,False
U6136,ACCT-002,2026-10-16 11:34:00+00:00,Storage,VM-STD-4,9996.0,1390.16,us-east-1,T-45,False
U6137,ACCT-002,2026-09-21 22:03:00+00:00,Database,VM-STD-4,4821.0,603.84,ap-south-1,t-77,False
U6138,ACCT-003,2026-09-07 15:46:00+00:00,Storage,DB-GP-2,64839600.0,1469.49,us-east-1,T-12,False
U6139,ACCT-004,2026-10-22 08:13:00+00:00,Compute,DB-GP-2,615600.0,1034.7,us-east-1,t-77,False
U6140,ACCT-003,2026-09-07 23:13:00+00:00,Compute,STORAGE-PREM,35892000.0,529.75,us-east-1,t-77,False
U6141,ACCT-002,2026-01-02 10:03:00+00:00,Ai,VM-STD-4,10563.0,1577.79,ap-south-1,T-45,False
U6142,ACCT-004,2026-12-08 06:12:00+00:00,Compute,DB-GP-2,931200.0,1801.42,ap-south-1,t-77,False
U6143,ACCT-002,2026-08-19 18:44:00+00:00,Compute,VM-STD-4,12742.0,403.59,ap-south-1,t-33,False
U6144,ACCT-001,2026-05-21 14:01:00+00:00,Storage,DB-GP-2,64080000.0,165.03,ap-south-1,t-33,False
U6145,ACCT-001,2026-11-01 14:53:00+00:00,Ai,STORAGE-PREM,4119.0,269.42,us-east-1,T-45,False
U6146,ACCT-001,2026-03-02 09:07:00+00:00,Storage,VM-STD-4,14995.0,651.85,ap-south-1,t-77,False
U6147,ACCT-004,2026-04-27 19:32:00+00:00,Networking,VM-STD-4,49060800.0,1886.01,ap-south-1,t-33,False
U6148,ACCT-004,2026-03-10 02:17:00+00:00,Database,VM-STD-4,1100340.0,1630.9,ap-south-1,T-45,False
U6149,ACCT-001,2026-12-11 17:29:00+00:00,Networking,VM-STD-4,54165600.0,1973.67,ap-south-1,t-33,False
U6150,ACCT-001,2026-04-29 06:19:00+00:00,Compute,DB-GP-2,16149600.0,363.21,ap-south-1,T-12,False
U6151,ACCT-001,2026-05-22 22:30:00+00:00,Networking,VM-STD-4,936060.0,1256.9,ap-south-1,T-12,False
U6152,ACCT-004,2026-08-14 03:50:00+00:00,Ai,STORAGE-PREM,19321.0,1170.96,ap-south-1,t-77,False
U6153,ACCT-002,2026-05-25 22:36:00+00:00,Database,DB-GP-2,2700.0,442.36,ap-south-1,t-33,False
U6154,ACCT-003,2026-01-05 02:10:00+00:00,Database,VM-STD-4,1097.0,567.7,ap-south-1,t-33,False
U6155,ACCT-001,2026-07-27 23:47:00+00:00,Database,VM-STD-4,16142400.0,893.2,ap-south-1,T-45,False
U6156,ACCT-002,2026-12-04 09:28:00+00:00,Compute,VM-STD-4,9138.0,1067.88,ap-south-1,T-45,False
U6157,ACCT-003,2026-08-31 10:42:00+00:00,Ai,VM-STD-4,7780.0,1149.82,ap-south-1,t-77,False
U6158,ACCT-001,2026-06-06 02:34:00+00:00,Database,VM-STD-4,15536.0,1632.55,us-east-1,T-12,False
U6159,ACCT-004,2026-03-19 21:27:00+00:00,Database,VM-STD-4,6200.0,887.94,us-east-1,T-45,False
U6160,ACCT-002,2026-07-17 01:21:00+00:00,Networking,VM-STD-4,5896.0,589.85,ap-south-1,T-12,False
U6161,ACCT-001,2026-01-13 00:12:00+00:00,Ai,DB-GP-2,16724.0,638.79,ap-south-1,t-77,False
U6162,ACCT-001,2026-03-13 04:45:00+00:00,Ai,VM-STD-4,494220.0,1663.21,us-east-1,t-77,False
U6163,ACCT-003,2026-01-10 07:57:00+00:00,Networking,DB-GP-2,8965.0,1057.03,ap-south-1,T-45,False
U6164,ACCT-004,2026-10-22 10:36:00+00:00,Database,DB-GP-2,375250.0,12643.4,ap-south-1,t-77,False
U6165,ACCT-001,2026-02-02 16:41:00+00:00,Storage,STORAGE-PREM,10804.0,1876.33,ap-south-1,T-45,False
U6166,ACCT-002,2026-06-01 13:43:00+00:00,Database,VM-STD-4,29580.0,679.2,us-east-1,t-77,False
U6167,ACCT-002,2026-05-01 07:59:00+00:00,Networking,STORAGE-PREM,21506400.0,1354.57,ap-south-1,T-45,False
U6168,ACCT-003,2026-06-18 00:31:00+00:00,Compute,VM-STD-4,24706800.0,647.83,us-east-1,T-12,False
U6169,ACCT-003,2026-01-19 18:33:00+00:00,Ai,VM-STD-4,12261600.0,1580.08,ap-south-1,T-12,False
U6170,ACCT-001,2026-08-04 07:20:00+00:00,Compute,DB-GP-2,17717.0,1061.49,us-east-1,T-45,False
U6171,ACCT-004,2026-09-21 02:12:00+00:00,Ai,DB-GP-2,309540.0,1031.14,ap-south-1,T-12,False
U6172,ACCT-003,2026-10-07 07:57:00+00:00,Compute,DB-GP-2,1360.0,354.94,us-east-1,T-12,False
U6173,ACCT-004,2026-11-10 12:15:00+00:00,Storage,DB-GP-2,311100.0,1650.16,ap-south-1,T-45,False
U6174,ACCT-002,2026-11-29 05:35:00+00:00,Database,STORAGE-PREM,662700.0,1686.26,ap-south-1,t-33,False
U6175,ACCT-004,2026-06-11 16:34:00+00:00,Networking,VM-STD-4,14252.0,411.15,us-east-1,t-33,False
U6176,ACCT-003,2026-09-13 19:55:00+00:00,Networking,VM-STD-4,33811200.0,484.98,ap-south-1,T-45,False
U6177,ACCT-001,2026-11-02 23:18:00+00:00,Storage,STORAGE-PREM,871740.0,548.62,ap-south-1,T-12,False
U6178,ACCT-003,2026-03-11 06:20:00+00:00,Networking,DB-GP-2,1134600.0,1849.12,ap-south-1,T-12,False
U6179,ACCT-002,2026-09-04 18:33:00+00:00,Compute,VM-STD-4,705600.0,406.14,ap-south-1,t-77,False
U6180,ACCT-004,2026-01-19 06:09:00+00:00,Ai,DB-GP-2,829680.0,1749.37,ap-south-1,t-33,False
U6181,ACCT-001,2026-10-22 15:40:00+00:00,Storage,STORAGE-PREM,1202.0,1135.75,ap-south-1,t-33,False
U6182,ACCT-001,2026-10-06 09:42:00+00:00,Networking,VM-STD-4,5965200.0,1719.42,us-east-1,t-33,False
U6183,ACCT-002,2026-08-09 13:18:00+00:00,Database,VM-STD-4,397080.0,661.65,us-east-1,t-77,False
U6184,ACCT-001,2026-09-06 03:00:00+00:00,Database,DB-GP-2,461280.0,1365.84,ap-south-1,t-33,False
U6185,ACCT-002,2026-11-02 23:08:00+00:00,Compute,VM-STD-4,59371200.0,1024.33,ap-south-1,t-77,False
U6186,ACCT-003,2026-04-28 22:28:00+00:00,Compute,VM-STD-4,7315200.0,1496.11,ap-south-1,t-77,False
U6187,ACCT-002,2026-04-08 00:46:00+00:00,Storage,VM-STD-4,18446400.0,867.59,ap-south-1,T-12,False
U6188,ACCT-003,2026-10-15 05:48:00+00:00,Networking,VM-STD-4,9589.0,938.27,ap-south-1,t-33,False
U6189,ACCT-001,2026-06-11 23:00:00+00:00,Compute,VM-STD-4,14945.0,1878.89,ap-south-1,t-77,False
U6190,ACCT-004,2026-09-01 13:38:00+00:00,Storage,VM-STD-4,860340.0,1958.53,us-east-1,T-12,False
U6191,ACCT-003,2026-01-03 09:01:00+00:00,Database,VM-STD-4,4021.0,1149.04,ap-south-1,t-33,False
U6192,ACCT-003,2026-01-19 15:23:00+00:00,Compute,STORAGE-PREM,16469.0,800.28,ap-south-1,t-33,False
U6193,ACCT-002,2026-09-03 15:07:00+00:00,Compute,VM-STD-4,33015600.0,257.36,ap-south-1,t-77,False
U6194,ACCT-002,2026-06-10 18:59:00+00:00,Database,VM-STD-4,496440.0,478.52,ap-south-1,t-33,False
U6195,ACCT-002,2026-05-20 18:23:00+00:00,Ai,VM-STD-4,13539.0,28.17,ap-south-1,t-33,False
U6196,ACCT-002,2026-07-08 10:12:00+00:00,Ai,VM-STD-4,699180.0,1173.9,us-east-1,T-45,False
U6197,ACCT-003,2026-04-30 02:25:00+00:00,Networking,VM-STD-4,1733940000.0,30217.199999999997,ap-south-1,t-77,True
U6198,ACCT-002,2026-08-06 11:18:00+00:00,Compute,VM-STD-4,52369200.0,19.12,ap-south-1,T-45,False
U6199,ACCT-004,2026-06-09 08:13:00+00:00,Storage,STORAGE-PREM,11167200.0,1112.96,ap-south-1,T-45,False
U6200,ACCT-001,2026-03-26 06:11:00+00:00,Ai,VM-STD-4,14259.0,1998.45,us-east-1,T-45,False
U6201,ACCT-004,2026-07-19 14:41:00+00:00,Networking,VM-STD-4,56052000.0,1419.1,us-east-1,t-33,False
U6202,ACCT-002,2026-01-18 04:54:00+00:00,Compute,VM-STD-4,12891.0,1097.19,ap-south-1,t-33,False
U6203,ACCT-003,2026-10-18 06:25:00+00:00,Ai,VM-STD-4,18519.0,591.44,ap-south-1,T-12,False
U6204,ACCT-003,2026-03-22 06:08:00+00:00,Networking,VM-STD-4,14081.0,1600.88,ap-south-1,T-12,False
U6205,ACCT-004,2026-10-04 20:23:00+00:00,Storage,VM-STD-4,45453600.0,979.34,us-east-1,T-45,False
U6206,ACCT-002,2026-12-12 04:58:00+00:00,Compute,VM-STD-4,14142.0,1432.08,ap-south-1,T-45,False
U6207,ACCT-004,2026-03-18 23:17:00+00:00,Compute,VM-STD-4,84540.0,683.6,ap-south-1,T-45,False
U6208,ACCT-002,2026-09-22 06:45:00+00:00,Storage,DB-GP-2,39582000.0,1705.08,ap-south-1,T-45,False
U6209,ACCT-002,2026-03-13 05:42:00+00:00,Storage,VM-STD-4,2690.0,1758.25,ap-south-1,T-12,False
U6210,ACCT-003,2026-06-06 17:19:00+00:00,Ai,VM-STD-4,5887.0,1072.05,ap-south-1,T-45,False
U6211,ACCT-003,2026-01-13 09:53:00+00:00,Storage,VM-STD-4,21900000.0,34180.6,us-east-1,T-12,False
U6212,ACCT-003,2026-02-23 02:38:00+00:00,Ai,VM-STD-4,2999.0,802.39,us-east-1,t-33,False
U6213,ACCT-002,2026-11-25 17:31:00+00:00,Networking,VM-STD-4,49194000.0,1519.41,us-east-1,t-77,False
U6214,ACCT-004,2026-01-19 03:06:00+00:00,Ai,DB-GP-2,13843.0,1788.7,us-east-1,t-33,False
U6215,ACCT-003,2026-08-31 06:42:00+00:00,Compute,DB-GP-2,19515.0,957.05,ap-south-1,T-45,False
U6216,ACCT-002,2026-10-16 16:45:00+00:00,Compute,VM-STD-4,7951.0,308.61,ap-south-1,T-12,False
U6217,ACCT-001,2026-09-27 16:45:00+00:00,Networking,VM-STD-4,16360.0,1668.0,ap-south-1,T-45,False
U6218,ACCT-001,2026-10-20 10:17:00+00:00,Ai,STORAGE-PREM,13686.0,848.04,ap-south-1,T-45,False
U6219,ACCT-002,2026-07-22 16:27:00+00:00,Compute,VM-STD-4,1045380.0,1514.57,ap-south-1,t-77,False
U6220,ACCT-003,2026-10-21 15:22:00+00:00,Database,VM-STD-4,2537.0,384.57,ap-south-1,t-33,False
U6221,ACCT-002,2026-07-24 03:05:00+00:00,Storage,VM-STD-4,545.0,763.06,ap-south-1,T-45,False
U6222,ACCT-003,2026-08-10 12:59:00+00:00,Ai,VM-STD-4,12593.0,1566.61,ap-south-1,T-45,False
U6223,ACCT-004,2026-01-06 01:18:00+00:00,Database,VM-STD-4,9745.0,884.88,ap-south-1,t-77,False
U6224,ACCT-003,2026-05-10 03:33:00+00:00,Compute,VM-STD-4,528840.0,905.5,ap-south-1,T-45,False
U6225,ACCT-001,2026-10-19 23:17:00+00:00,Ai,VM-STD-4,12321.0,798.6,ap-south-1,T-45,False
U6226,ACCT-003,2026-06-20 08:19:00+00:00,Compute,VM-STD-4,546660.0,836.4,ap-south-1,t-33,False
U6227,ACCT-003,2026-09-24 16:47:00+00:00,Networking,DB-GP-2,16695.0,1977.89,us-east-1,T-45,False
U6228,ACCT-001,2026-03-27 12:22:00+00:00,Networking,VM-STD-4,31424400.0,1606.09,ap-south-1,T-45,False
U6229,ACCT-003,2026-07-23 05:39:00+00:00,Networking,STORAGE-PREM,12813.0,778.09,ap-south-1,t-77,False
U6230,ACCT-004,2026-09-04 07:30:00+00:00,Compute,DB-GP-2,4243.0,1941.75,us-east-1,t-33,False
U6231,ACCT-004,2026-06-16 03:40:00+00:00,Ai,VM-STD-4,66078000.0,1999.21,us-east-1,T-12,False
U6232,ACCT-001,2026-05-13 19:46:00+00:00,Compute,VM-STD-4,16794.0,1979.4,ap-south-1,t-77,False
U6233,ACCT-001,2026-06-01 06:44:00+00:00,Compute,DB-GP-2,59248800.0,1522.89,ap-south-1,T-45,False
U6234,ACCT-004,2026-06-11 13:31:00+00:00,Ai,VM-STD-4,2963.0,42.31,ap-south-1,t-33,False
U6235,ACCT-004,2026-10-21 23:01:00+00:00,Database,VM-STD-4,14278.0,1146.87,ap-south-1,t-33,False
U6236,ACCT-003,2026-02-24 08:06:00+00:00,Ai,VM-STD-4,16311.0,1940.26,ap-south-1,T-12,False
U6237,ACCT-003,2026-01-15 08:03:00+00:00,Database,VM-STD-4,598080.0,1988.28,ap-south-1,T-12,False
U6238,ACCT-003,2026-02-09 17:30:00+00:00,Compute,VM-STD-4,189960.0,1186.88,ap-south-1,T-12,False
U6239,ACCT-001,2026-07-24 21:33:00+00:00,Compute,STORAGE-PREM,16838.0,1378.47,ap-south-1,T-12,False
U6240,ACCT-003,2026-09-26 15:33:00+00:00,Ai,VM-STD-4,1416.0,1425.54,ap-south-1,t-33,False
U6241,ACCT-003,2026-11-09 04:59:00+00:00,Ai,DB-GP-2,13589.0,872.93,ap-south-1,T-45,False
U6242,ACCT-004,2026-09-24 23:05:00+00:00,Networking,VM-STD-4,2474.0,86.4,ap-south-1,T-45,False
U6243,ACCT-002,2026-02-27 22:33:00+00:00,Compute,DB-GP-2,12131.0,1448.17,ap-south-1,t-33,False
U6244,ACCT-002,2026-11-02 22:24:00+00:00,Storage,DB-GP-2,11728.0,1856.25,ap-south-1,t-77,False
U6245,ACCT-002,2026-04-05 05:57:00+00:00,Compute,DB-GP-2,41450400.0,867.8,us-east-1,t-77,False
U6246,ACCT-002,2026-10-31 19:27:00+00:00,Compute,VM-STD-4,459900.0,1197.26,ap-south-1,T-12,False
U6247,ACCT-002,2026-11-03 12:09:00+00:00,Storage,VM-STD-4,308.0,1384.79,ap-south-1,T-45,False
U6248,ACCT-002,2026-12-07 12:05:00+00:00,Compute,DB-GP-2,16158.0,129.24,ap-south-1,T-12,False
U6249,ACCT-003,2026-06-06 18:59:00+00:00,Storage,VM-STD-4,5843.0,1346.95,us-east-1,T-45,False
U6250,ACCT-004,2026-08-29 19:47:00+00:00,Networking,VM-STD-4,19324.0,1846.27,ap-south-1,t-33,False
U6251,ACCT-004,2026-10-24 12:20:00+00:00,Networking,DB-GP-2,71722800.0,412.38,ap-south-1,T-45,False
U6252,ACCT-003,2026-11-01 02:53:00+00:00,Networking,VM-STD-4,71881200.0,268.24,ap-south-1,T-45,False
U6253,ACCT-003,2026-01-30 05:02:00+00:00,Networking,DB-GP-2,14242.0,718.63,ap-south-1,t-77,False
U6254,ACCT-004,2026-09-14 23:19:00+00:00,Compute,VM-STD-4,13136400.0,114.56,ap-south-1,T-12,False
U6255,ACCT-001,2026-09-12 17:06:00+00:00,Networking,STORAGE-PREM,13316400.0,523.16,ap-south-1,T-12,False
U6256,ACCT-001,2026-09-03 10:47:00+00:00,Database,VM-STD-4,13784400.0,1717.57,ap-south-1,t-33,False
U6257,ACCT-004,2026-06-27 13:07:00+00:00,Storage,VM-STD-4,4057.0,1272.59,ap-south-1,T-12,False
U6258,ACCT-004,2026-03-15 20:23:00+00:00,Storage,VM-STD-4,19094.0,159.16,ap-south-1,t-33,False
U6259,ACCT-002,2026-11-02 05:23:00+00:00,Ai,VM-STD-4,11700.0,1808.56,ap-south-1,t-33,False
U6260,ACCT-003,2026-01-31 23:58:00+00:00,Database,VM-STD-4,286140.0,1044.29,ap-south-1,t-33,False
U6261,ACCT-002,2026-08-09 14:36:00+00:00,Ai,DB-GP-2,11155.0,826.79,ap-south-1,T-12,False
U6262,ACCT-003,2026-09-11 08:18:00+00:00,Database,STORAGE-PREM,17503200.0,1105.01,ap-south-1,t-77,False
U6263,ACCT-003,2026-04-04 21:41:00+00:00,Storage,VM-STD-4,871.0,1195.11,us-east-1,t-33,False
U6264,ACCT-001,2026-06-20 06:14:00+00:00,Ai,VM-STD-4,12594.0,1455.53,ap-south-1,T-45,False
U6265,ACCT-003,2026-07-04 12:54:00+00:00,Storage,VM-STD-4,11968.0,29.79,ap-south-1,t-77,False
U6266,ACCT-004,2026-02-08 00:59:00+00:00,Storage,VM-STD-4,242160.0,570.21,ap-south-1,t-33,False
U6267,ACCT-003,2026-10-08 02:00:00+00:00,Storage,STORAGE-PREM,17208000.0,1750.84,ap-south-1,t-77,False
U6268,ACCT-004,2026-05-13 07:02:00+00:00,Storage,DB-GP-2,10335.0,1325.19,ap-south-1,T-12,False
U6269,ACCT-004,2026-07-24 02:14:00+00:00,Networking,STORAGE-PREM,4603.0,374.46,ap-south-1,t-77,False
U6270,ACCT-004,2026-04-22 15:47:00+00:00,Networking,STORAGE-PREM,19140.0,1493.09,us-east-1,t-33,False
U6271,ACCT-001,2026-10-14 14:48:00+00:00,Compute,STORAGE-PREM,15215.0,1135.43,ap-south-1,T-45,False
U6272,ACCT-002,2026-01-18 19:10:00+00:00,Storage,VM-STD-4,13636.0,1315.63,ap-south-1,t-77,False
U6273,ACCT-002,2026-06-05 17:53:00+00:00,Compute,DB-GP-2,14113.0,1987.46,ap-south-1,T-45,False
U6274,ACCT-002,2026-03-13 17:26:00+00:00,Compute,VM-STD-4,13444.0,1808.57,ap-south-1,T-12,False
U6275,ACCT-003,2026-07-17 12:16:00+00:00,Compute,VM-STD-4,8805.0,941.01,ap-south-1,T-12,False
U6276,ACCT-001,2026-04-18 15:07:00+00:00,Compute,STORAGE-PREM,3883.0,71.56,ap-south-1,T-12,False
U6277,ACCT-004,2026-04-23 09:01:00+00:00,Compute,VM-STD-4,6352.0,57.2,ap-south-1,t-77,False
U6278,ACCT-004,2026-11-12 01:19:00+00:00,Compute,VM-STD-4,3307.0,1814.85,ap-south-1,t-77,False
U6279,ACCT-003,2026-11-27 12:41:00+00:00,Ai,VM-STD-4,7293.0,514.57,ap-south-1,t-33,False
U6280,ACCT-004,2026-06-01 16:12:00+00:00,Ai,VM-STD-4,195960.0,1106.99,ap-south-1,T-12,False
U6281,ACCT-001,2026-10-01 05:54:00+00:00,Ai,VM-STD-4,401640.0,857.78,ap-south-1,T-45,False
U6282,ACCT-004,2026-08-17 16:10:00+00:00,Storage,STORAGE-PREM,792900.0,617.49,us-east-1,t-77,False
U6283,ACCT-004,2026-06-24 13:58:00+00:00,Ai,VM-STD-4,9810.0,293.69,ap-south-1,t-33,False
U6284,ACCT-002,2026-05-19 06:34:00+00:00,Ai,VM-STD-4,1051.0,1129.39,ap-south-1,t-33,False
U6285,ACCT-004,2026-10-03 05:37:00+00:00,Storage,VM-STD-4,894.0,1072.33,ap-south-1,T-12,False
U6286,ACCT-003,2026-08-29 17:46:00+00:00,Compute,DB-GP-2,955440.0,561.87,ap-south-1,T-12,False
U6287,ACCT-001,2026-04-11 02:37:00+00:00,Ai,STORAGE-PREM,17077.0,848.93,ap-south-1,T-12,False
U6288,ACCT-003,2026-04-07 07:36:00+00:00,Compute,VM-STD-4,13500.0,1346.69,ap-south-1,t-33,False
U6289,ACCT-002,2026-08-08 13:56:00+00:00,Storage,STORAGE-PREM,7943.0,800.07,us-east-1,t-33,False
U6290,ACCT-001,2026-07-25 22:05:00+00:00,Storage,STORAGE-PREM,19855.0,624.21,ap-south-1,T-45,False
U6291,ACCT-003,2026-11-17 02:03:00+00:00,Database,VM-STD-4,13586400.0,22.78,us-east-1,t-33,False
U6292,ACCT-001,2026-06-15 08:25:00+00:00,Compute,DB-GP-2,38008800.0,1018.94,ap-south-1,t-77,False
U6293,ACCT-003,2026-06-23 18:57:00+00:00,Database,DB-GP-2,157860.0,150.52,ap-south-1,t-77,False
U6294,ACCT-002,2026-10-17 07:19:00+00:00,Compute,VM-STD-4,16585.0,1908.36,ap-south-1,t-33,False
U6295,ACCT-001,2026-06-10 17:17:00+00:00,Compute,VM-STD-4,18494.0,1116.23,ap-south-1,T-45,False
U6296,ACCT-002,2026-04-14 04:21:00+00:00,Ai,VM-STD-4,9727.0,750.43,us-east-1,T-45,False
U6297,ACCT-001,2026-01-21 13:34:00+00:00,Database,VM-STD-4,6114.0,1999.33,ap-south-1,t-77,False
U6298,ACCT-002,2026-05-16 02:33:00+00:00,Ai,VM-STD-4,12228.0,78.74,ap-south-1,T-45,False
U6299,ACCT-002,2026-11-27 20:48:00+00:00,Database,DB-GP-2,68313600.0,1010.12,us-east-1,t-33,False
U6300,ACCT-001,2026-09-14 08:23:00+00:00,Ai,DB-GP-2,44791200.0,45.26,ap-south-1,T-12,False
U6301,ACCT-002,2026-05-21 19:36:00+00:00,Storage,VM-STD-4,435720.0,642.8,ap-south-1,T-45,False
U6302,ACCT-002,2026-01-13 06:08:00+00:00,Database,VM-STD-4,452160.0,678.67,ap-south-1,t-77,False
U6303,ACCT-002,2026-07-04 23:59:00+00:00,Database,STORAGE-PREM,8258.0,1775.29,ap-south-1,T-12,False
U6304,ACCT-004,2026-02-04 18:00:00+00:00,Ai,VM-STD-4,68216400.0,1112.34,ap-south-1,T-12,False
U6305,ACCT-004,2026-02-10 02:10:00+00:00,Ai,VM-STD-4,836220.0,1528.24,ap-south-1,T-12,False
U6306,ACCT-002,2026-02-20 20:59:00+00:00,Storage,VM-STD-4,728580.0,1320.95,us-east-1,t-77,False
U6307,ACCT-002,2026-09-27 15:26:00+00:00,Database,VM-STD-4,10983.0,1129.0,us-east-1,t-33,False
U6308,ACCT-004,2026-06-19 12:51:00+00:00,Storage,DB-GP-2,17564400.0,1367.78,ap-south-1,T-45,False
U6309,ACCT-001,2026-03-22 12:02:00+00:00,Ai,VM-STD-4,19908.0,1538.28,us-east-1,t-77,False
U6310,ACCT-004,2026-11-10 22:33:00+00:00,Networking,VM-STD-4,1013460.0,1954.02,ap-south-1,T-45,False
U6311,ACCT-002,2026-11-05 16:17:00+00:00,Database,STORAGE-PREM,9876.0,241.94,us-east-1,t-77,False
U6312,ACCT-004,2026-07-16 10:29:00+00:00,Networking,VM-STD-4,144120.0,1349.32,ap-south-1,T-12,False
U6313,ACCT-003,2026-10-14 18:38:00+00:00,Ai,VM-STD-4,4919.0,181.86,ap-south-1,t-77,False
U6314,ACCT-002,2026-09-04 20:49:00+00:00,Database,DB-GP-2,259020000.0,24861.6,us-east-1,T-12,False
U6315,ACCT-001,2026-06-15 10:59:00+00:00,Networking,VM-STD-4,832140.0,182.69,us-east-1,t-33,False
U6316,ACCT-001,2026-10-12 16:28:00+00:00,Networking,VM-STD-4,8830.0,1841.53,us-east-1,T-12,False
U6317,ACCT-002,2026-04-01 05:15:00+00:00,Networking,STORAGE-PREM,392520.0,1963.61,us-east-1,T-12,False
U6318,ACCT-004,2026-07-19 19:08:00+00:00,Compute,VM-STD-4,1101480.0,220.24,ap-south-1,t-33,False
U6319,ACCT-001,2026-04-15 09:58:00+00:00,Networking,DB-GP-2,48477600.0,1347.94,ap-south-1,t-33,False
U6320,ACCT-004,2026-06-23 19:39:00+00:00,Database,DB-GP-2,5867.0,1167.68,ap-south-1,T-12,False
U6321,ACCT-002,2026-11-08 09:56:00+00:00,Compute,VM-STD-4,11903.0,380.16,ap-south-1,t-77,False
U6322,ACCT-001,2026-01-31 10:31:00+00:00,Storage,VM-STD-4,190560.0,770.9,ap-south-1,t-77,False
U6323,ACCT-002,2026-09-11 06:02:00+00:00,Database,VM-STD-4,10658.0,1244.55,ap-south-1,T-45,False
U6324,ACCT-003,2026-03-15 16:32:00+00:00,Storage,DB-GP-2,15457.0,701.09,ap-south-1,T-12,False
U6325,ACCT-001,2026-09-17 21:04:00+00:00,Ai,DB-GP-2,432.0,1602.54,ap-south-1,T-12,False
U6326,ACCT-002,2026-11-25 09:54:00+00:00,Storage,VM-STD-4,648240.0,502.2,ap-south-1,T-12,False
U6327,ACCT-004,2026-09-29 19:57:00+00:00,Ai,DB-GP-2,21186000.0,230.37,us-east-1,t-77,False
U6328,ACCT-003,2026-07-16 06:37:00+00:00,Database,STORAGE-PREM,5702400.0,516.77,ap-south-1,T-45,False
U6329,ACCT-004,2026-09-24 04:21:00+00:00,Storage,VM-STD-4,4369.0,485.61,ap-south-1,t-33,False
U6330,ACCT-003,2026-02-20 12:11:00+00:00,Compute,VM-STD-4,16538.0,1749.3,ap-south-1,T-12,False
U6331,ACCT-003,2026-01-12 01:05:00+00:00,Networking,DB-GP-2,21438000.0,1440.69,ap-south-1,t-77,False
U6332,ACCT-004,2026-08-03 16:58:00+00:00,Storage,STORAGE-PREM,23943600.0,1708.05,us-east-1,T-12,False
U6333,ACCT-004,2026-07-08 03:52:00+00:00,Database,VM-STD-4,18350.0,521.92,ap-south-1,t-77,False
U6334,ACCT-004,2026-05-08 06:55:00+00:00,Compute,DB-GP-2,858650.0,21278.800000000003,ap-south-1,t-77,False
U6335,ACCT-002,2026-09-03 04:16:00+00:00,Ai,STORAGE-PREM,429180.0,781.33,ap-south-1,T-12,False
U6336,ACCT-003,2026-10-14 08:45:00+00:00,Networking,VM-STD-4,11085.0,156.19,ap-south-1,T-12,False
U6337,ACCT-003,2026-05-25 07:29:00+00:00,Compute,DB-GP-2,24058800.0,318.52,ap-south-1,t-77,False
U6338,ACCT-002,2026-05-23 10:19:00+00:00,Compute,VM-STD-4,18786.0,1463.15,ap-south-1,T-12,False
U6339,ACCT-003,2026-04-13 01:10:00+00:00,Ai,DB-GP-2,24703200.0,545.71,ap-south-1,T-12,False
U6340,ACCT-002,2026-07-10 13:45:00+00:00,Database,VM-STD-4,19946.0,1500.09,ap-south-1,t-33,False
U6341,ACCT-001,2026-04-18 12:20:00+00:00,Storage,VM-STD-4,16104.0,1746.3,ap-south-1,T-45,False
U6342,ACCT-004,2026-01-26 23:13:00+00:00,Database,DB-GP-2,14048.0,1993.09,ap-south-1,T-12,False
U6343,ACCT-002,2026-10-18 18:47:00+00:00,Networking,VM-STD-4,28389600.0,1928.95,ap-south-1,t-33,False
U6344,ACCT-004,2026-09-28 08:51:00+00:00,Ai,DB-GP-2,65480400.0,814.91,ap-south-1,T-45,False
U6345,ACCT-002,2026-10-05 01:43:00+00:00,Compute,DB-GP-2,71305200.0,193.49,ap-south-1,t-77,False
U6346,ACCT-004,2026-01-21 15:11:00+00:00,Ai,STORAGE-PREM,19772.0,1700.97,ap-south-1,t-77,False
U6347,ACCT-003,2026-11-07 17:30:00+00:00,Compute,DB-GP-2,43714800.0,567.88,us-east-1,T-12,False
U6348,ACCT-002,2026-02-20 22:25:00+00:00,Ai,VM-STD-4,174600.0,1291.86,us-east-1,T-45,False
U6349,ACCT-002,2026-12-04 01:54:00+00:00,Storage,VM-STD-4,102780.0,679.4,ap-south-1,T-12,False
U6350,ACCT-004,2026-01-25 03:12:00+00:00,Ai,STORAGE-PREM,707700.0,576.27,ap-south-1,t-33,False
U6351,ACCT-003,2026-09-28 00:27:00+00:00,Storage,DB-GP-2,56199600.0,435.63,us-east-1,t-77,False
U6352,ACCT-003,2026-02-18 13:46:00+00:00,Networking,VM-STD-4,408600.0,602.16,us-east-1,t-33,False
U6353,ACCT-003,2026-06-02 16:37:00+00:00,Compute,VM-STD-4,3464.0,1630.13,ap-south-1,T-12,False
U6354,ACCT-004,2026-02-20 12:35:00+00:00,Ai,VM-STD-4,667800.0,143.43,us-east-1,t-77,False
U6355,ACCT-003,2026-12-03 09:26:00+00:00,Networking,DB-GP-2,2971.0,1431.74,ap-south-1,T-12,False
U6356,ACCT-002,2026-03-01 08:51:00+00:00,Networking,VM-STD-4,8786.0,1751.09,ap-south-1,T-45,False
U6357,ACCT-001,2026-07-01 05:55:00+00:00,Networking,STORAGE-PREM,43923600.0,579.8,ap-south-1,T-45,False
U6358,ACCT-003,2026-01-10 09:20:00+00:00,Networking,STORAGE-PREM,11662.0,1495.65,ap-south-1,t-33,False
U6359,ACCT-001,2026-08-04 12:54:00+00:00,Compute,DB-GP-2,16444800.0,1874.85,us-east-1,T-45,False
U6360,ACCT-002,2026-05-08 04:58:00+00:00,Compute,VM-STD-4,40348800.0,1492.46,ap-south-1,t-77,False
U6361,ACCT-001,2026-06-19 15:07:00+00:00,Ai,VM-STD-4,19682.0,604.48,us-east-1,T-12,False
U6362,ACCT-004,2026-09-29 09:06:00+00:00,Ai,VM-STD-4,7768800.0,939.29,ap-south-1,T-45,False
U6363,ACCT-001,2026-11-16 20:14:00+00:00,Database,VM-STD-4,1137900.0,1187.15,ap-south-1,t-33,False
U6364,ACCT-004,2026-08-15 01:00:00+00:00,Compute,VM-STD-4,12464.0,1833.52,ap-south-1,t-77,False
U6365,ACCT-003,2026-01-20 02:55:00+00:00,Database,VM-STD-4,10969.0,479.04,ap-south-1,t-33,False
U6366,ACCT-002,2026-12-01 21:02:00+00:00,Ai,VM-STD-4,1069.0,1848.37,ap-south-1,T-45,False
U6367,ACCT-001,2026-09-23 09:04:00+00:00,Compute,VM-STD-4,4965.0,863.75,ap-south-1,t-33,False
U6368,ACCT-002,2026-05-22 22:02:00+00:00,Storage,VM-STD-4,9604.0,214.6,ap-south-1,T-12,False
U6369,ACCT-002,2026-02-10 01:39:00+00:00,Networking,STORAGE-PREM,14468400.0,605.0,ap-south-1,T-12,False
U6370,ACCT-002,2026-08-27 22:28:00+00:00,Database,VM-STD-4,10282.0,1962.78,ap-south-1,t-77,False
U6371,ACCT-003,2026-08-07 07:05:00+00:00,Database,VM-STD-4,6478.0,781.77,us-east-1,T-12,False
U6372,ACCT-003,2026-08-27 20:20:00+00:00,Ai,STORAGE-PREM,10580.0,1828.47,ap-south-1,t-77,False
U6373,ACCT-003,2026-03-10 06:10:00+00:00,Ai,VM-STD-4,6775.0,1280.2,ap-south-1,t-33,False
U6374,ACCT-004,2026-11-20 00:12:00+00:00,Networking,STORAGE-PREM,172.0,1180.35,ap-south-1,T-45,False
U6375,ACCT-004,2026-04-18 16:00:00+00:00,Ai,VM-STD-4,17904.0,441.14,ap-south-1,t-77,False
U6376,ACCT-001,2026-08-21 04:48:00+00:00,Networking,VM-STD-4,16960.0,989.51,ap-south-1,t-77,False
U6377,ACCT-003,2026-10-27 00:25:00+00:00,Database,VM-STD-4,10742400.0,544.23,ap-south-1,T-12,False
U6378,ACCT-003,2026-06-08 06:39:00+00:00,Storage,VM-STD-4,6519.0,1689.81,ap-south-1,T-12,False
U6379,ACCT-001,2026-12-09 04:21:00+00:00,Compute,DB-GP-2,35661600.0,418.92,ap-south-1,T-45,False
U6380,ACCT-004,2026-10-20 10:10:00+00:00,Database,VM-STD-4,4679.0,1939.06,ap-south-1,T-12,False
U6381,ACCT-001,2026-02-09 10:09:00+00:00,Storage,DB-GP-2,9006.0,1459.78,ap-south-1,T-12,False
U6382,ACCT-002,2026-04-13 22:53:00+00:00,Compute,STORAGE-PREM,82080.0,1188.16,ap-south-1,T-45,False
U6383,ACCT-004,2026-02-27 10:38:00+00:00,Database,VM-STD-4,34020.0,817.66,ap-south-1,T-12,False
U6384,ACCT-001,2026-02-28 08:23:00+00:00,Networking,STORAGE-PREM,146880.0,383.02,us-east-1,t-77,False
U6385,ACCT-003,2026-01-07 00:37:00+00:00,Storage,VM-STD-4,691980.0,1881.29,ap-south-1,T-12,False
U6386,ACCT-001,2026-01-24 03:13:00+00:00,Compute,DB-GP-2,886260.0,144.39,ap-south-1,t-77,False
U6387,ACCT-001,2026-09-17 00:23:00+00:00,Storage,VM-STD-4,636240.0,1353.32,ap-south-1,t-77,False
U6388,ACCT-004,2026-09-25 06:23:00+00:00,Compute,VM-STD-4,6763.0,1946.34,us-east-1,T-45,False
U6389,ACCT-001,2026-10-01 12:51:00+00:00,Networking,STORAGE-PREM,39934800.0,486.51,ap-south-1,t-77,False
U6390,ACCT-002,2026-02-28 13:30:00+00:00,Compute,DB-GP-2,7954.0,1076.77,ap-south-1,t-33,False
U6391,ACCT-004,2026-04-26 04:48:00+00:00,Compute,VM-STD-4,3564.0,231.41,ap-south-1,T-12,False
U6392,ACCT-001,2026-10-21 05:22:00+00:00,Storage,VM-STD-4,67800.0,1491.27,ap-south-1,t-77,False
U6393,ACCT-002,2026-01-19 18:59:00+00:00,Database,VM-STD-4,356280.0,1914.11,ap-south-1,t-77,False
U6394,ACCT-002,2026-06-19 15:17:00+00:00,Compute,VM-STD-4,728460.0,38.45,ap-south-1,t-77,False
U6395,ACCT-003,2026-04-12 08:07:00+00:00,Ai,VM-STD-4,31726800.0,322.76,ap-south-1,T-45,False
U6396,ACCT-004,2026-11-02 00:19:00+00:00,Database,VM-STD-4,15798.0,1377.02,ap-south-1,t-77,False
U6397,ACCT-004,2026-06-21 13:09:00+00:00,Compute,VM-STD-4,13805.0,1937.77,ap-south-1,T-45,False
U6398,ACCT-004,2026-10-15 22:30:00+00:00,Ai,VM-STD-4,18401.0,196.79,ap-south-1,T-12,False
U6399,ACCT-004,2026-02-10 16:02:00+00:00,Ai,VM-STD-4,1116360.0,1484.63,ap-south-1,t-33,False
U6400,ACCT-003,2026-03-31 22:03:00+00:00,Storage,VM-STD-4,39920400.0,1488.36,ap-south-1,T-45,False
U6401,ACCT-001,2026-04-10 03:02:00+00:00,Ai,VM-STD-4,18179.0,1894.63,ap-south-1,t-77,False
U6402,ACCT-003,2026-03-09 18:46:00+00:00,Ai,VM-STD-4,9070.0,850.71,ap-south-1,t-33,False
U6403,ACCT-001,2026-07-01 10:49:00+00:00,Database,STORAGE-PREM,26892000.0,964.47,ap-south-1,T-45,False
U6404,ACCT-003,2026-07-09 05:40:00+00:00,Ai,STORAGE-PREM,843240.0,1325.3,us-east-1,t-33,False
U6405,ACCT-002,2026-06-22 05:47:00+00:00,Storage,VM-STD-4,389160.0,568.92,ap-south-1,t-33,False
U6406,ACCT-004,2026-04-04 07:10:00+00:00,Networking,DB-GP-2,756300.0,735.58,ap-south-1,T-12,False
U6407,ACCT-002,2026-03-20 17:08:00+00:00,Ai,VM-STD-4,3243.0,1772.05,ap-south-1,t-33,False
U6408,ACCT-002,2026-05-31 07:03:00+00:00,Database,VM-STD-4,69159600.0,1427.14,ap-south-1,T-12,False
U6409,ACCT-002,2026-07-05 13:20:00+00:00,Compute,VM-STD-4,857640.0,800.9,us-east-1,T-45,False
U6410,ACCT-002,2026-01-16 01:24:00+00:00,Database,VM-STD-4,4145.0,1518.23,us-east-1,t-77,False
U6411,ACCT-002,2026-09-10 00:06:00+00:00,Compute,DB-GP-2,13120.0,1751.04,ap-south-1,t-33,False
U6412,ACCT-002,2026-07-26 11:48:00+00:00,Ai,STORAGE-PREM,9545.0,1146.34,ap-south-1,t-33,False
U6413,ACCT-003,2026-11-10 15:41:00+00:00,Database,VM-STD-4,1068060.0,1222.93,ap-south-1,t-77,False
U6414,ACCT-003,2026-05-07 10:50:00+00:00,Compute,DB-GP-2,2478.0,1655.04,ap-south-1,t-33,False
U6415,ACCT-004,2026-09-09 00:56:00+00:00,Storage,VM-STD-4,435060.0,169.65,ap-south-1,t-77,False
U6416,ACCT-001,2026-11-25 04:40:00+00:00,Networking,VM-STD-4,15245.0,211.08,ap-south-1,t-33,False
U6417,ACCT-002,2026-02-17 19:42:00+00:00,Database,VM-STD-4,34434000.0,1250.5,ap-south-1,t-77,False
U6418,ACCT-004,2026-05-19 18:01:00+00:00,Compute,VM-STD-4,1183860.0,244.11,us-east-1,T-45,False
U6419,ACCT-004,2026-12-13 22:13:00+00:00,Compute,VM-STD-4,44168400.0,468.92,ap-south-1,T-12,False
U6420,ACCT-004,2026-10-03 21:17:00+00:00,Ai,VM-STD-4,10313.0,1556.03,ap-south-1,T-12,False
U6421,ACCT-001,2026-01-31 07:05:00+00:00,Ai,VM-STD-4,1186200.0,1098.92,ap-south-1,T-12,False
U6422,ACCT-001,2026-04-24 23:15:00+00:00,Compute,VM-STD-4,11162.0,1241.49,us-east-1,T-12,False
U6423,ACCT-002,2026-08-20 21:57:00+00:00,Compute,VM-STD-4,129300.0,37963.0,us-east-1,t-77,False
U6424,ACCT-004,2026-10-25 10:43:00+00:00,Networking,VM-STD-4,635520.0,526.23,us-east-1,t-77,False
U6425,ACCT-003,2026-01-22 23:45:00+00:00,Database,VM-STD-4,1012800.0,1397.43,ap-south-1,T-45,False
U6426,ACCT-002,2026-07-09 07:17:00+00:00,Database,STORAGE-PREM,18287.0,181.05,ap-south-1,T-12,False
U6427,ACCT-004,2026-02-09 19:50:00+00:00,Storage,VM-STD-4,6059.0,1682.75,ap-south-1,T-12,False
U6428,ACCT-003,2026-12-03 23:31:00+00:00,Database,VM-STD-4,11348.0,1952.88,us-east-1,t-77,False
U6429,ACCT-004,2026-03-08 15:36:00+00:00,Compute,VM-STD-4,445200.0,1412.16,ap-south-1,t-77,False
U6430,ACCT-001,2026-08-07 00:38:00+00:00,Ai,DB-GP-2,619800.0,765.67,ap-south-1,t-33,False
U6431,ACCT-002,2026-12-10 07:58:00+00:00,Compute,STORAGE-PREM,897240.0,214.76,ap-south-1,t-33,False
U6432,ACCT-002,2026-04-11 13:10:00+00:00,Networking,VM-STD-4,5180.0,1843.49,ap-south-1,t-77,False
U6433,ACCT-001,2026-03-10 19:26:00+00:00,Compute,DB-GP-2,9396.0,593.9,ap-south-1,t-33,False
U6434,ACCT-004,2026-02-15 10:56:00+00:00,Database,VM-STD-4,2585.0,294.05,ap-south-1,T-12,False
U6435,ACCT-002,2026-11-16 03:10:00+00:00,Storage,VM-STD-4,71337600.0,1475.89,us-east-1,T-45,False
U6436,ACCT-003,2026-02-10 21:12:00+00:00,Database,STORAGE-PREM,65138400.0,492.44,us-east-1,T-45,False
U6437,ACCT-001,2026-04-22 15:48:00+00:00,Database,STORAGE-PREM,59083200.0,766.53,ap-south-1,T-45,False
U6438,ACCT-004,2026-12-03 06:42:00+00:00,Compute,VM-STD-4,7240.0,730.72,ap-south-1,T-45,False
U6439,ACCT-003,2026-06-21 06:55:00+00:00,Ai,VM-STD-4,10259.0,1812.48,us-east-1,t-33,False
U6440,ACCT-004,2026-01-11 19:55:00+00:00,Storage,VM-STD-4,468960.0,203.32,ap-south-1,t-77,False
U6441,ACCT-003,2026-02-05 02:42:00+00:00,Compute,STORAGE-PREM,6086.0,81.06,ap-south-1,T-45,False
U6442,ACCT-003,2026-09-25 07:51:00+00:00,Compute,STORAGE-PREM,721200.0,1327.85,ap-south-1,t-77,False
U6443,ACCT-004,2026-03-05 20:18:00+00:00,Storage,STORAGE-PREM,39088800.0,892.95,ap-south-1,t-77,False
U6444,ACCT-001,2026-09-02 16:30:00+00:00,Database,STORAGE-PREM,395640.0,24.97,ap-south-1,t-77,False
U6445,ACCT-002,2026-06-05 20:03:00+00:00,Compute,VM-STD-4,18173.0,450.65,ap-south-1,T-12,False
U6446,ACCT-002,2026-01-01 15:18:00+00:00,Networking,DB-GP-2,1797.0,142.9,ap-south-1,t-77,False
U6447,ACCT-001,2026-07-18 11:39:00+00:00,Storage,VM-STD-4,1378620000.0,39657.8,ap-south-1,t-77,True
U6448,ACCT-002,2026-08-17 15:25:00+00:00,Networking,VM-STD-4,46335600.0,241.91,ap-south-1,T-12,False
U6449,ACCT-004,2026-10-27 12:19:00+00:00,Ai,VM-STD-4,54532800.0,1406.8,ap-south-1,T-45,False
U6450,ACCT-002,2026-07-31 09:19:00+00:00,Database,VM-STD-4,66996000.0,1082.31,ap-south-1,t-77,False
U6451,ACCT-003,2026-08-30 10:23:00+00:00,Storage,VM-STD-4,391020.0,580.16,ap-south-1,t-77,False
U6452,ACCT-001,2026-08-19 01:31:00+00:00,Compute,VM-STD-4,4129.0,551.17,ap-south-1,t-33,False
U6453,ACCT-001,2026-06-01 23:57:00+00:00,Compute,VM-STD-4,17635.0,1487.43,us-east-1,t-77,False
U6454,ACCT-004,2026-11-02 04:22:00+00:00,Ai,DB-GP-2,55695600.0,1998.87,ap-south-1,T-45,False
U6455,ACCT-001,2026-05-04 17:34:00+00:00,Compute,VM-STD-4,77820.0,1842.67,us-east-1,T-12,False
U6456,ACCT-001,2026-05-07 01:45:00+00:00,Database,STORAGE-PREM,13478.0,1744.76,ap-south-1,T-12,False
U6457,ACCT-003,2026-01-19 23:01:00+00:00,Compute,DB-GP-2,57254400.0,1183.59,ap-south-1,T-45,False
U6458,ACCT-001,2026-11-29 20:52:00+00:00,Ai,DB-GP-2,5035.0,603.6,us-east-1,t-77,False
U6459,ACCT-004,2026-09-06 06:00:00+00:00,Compute,VM-STD-4,1695.0,183.62,ap-south-1,t-33,False
U6460,ACCT-001,2026-10-21 11:08:00+00:00,Ai,VM-STD-4,1926.0,24.85,ap-south-1,T-12,False
U6461,ACCT-002,2026-04-13 20:18:00+00:00,Compute,DB-GP-2,1041.0,1898.29,ap-south-1,t-33,False
U6462,ACCT-001,2026-06-20 03:41:00+00:00,Ai,STORAGE-PREM,37850400.0,732.36,ap-south-1,T-45,False
U6463,ACCT-004,2026-06-19 03:30:00+00:00,Networking,VM-STD-4,901980.0,1278.41,us-east-1,T-12,False
U6464,ACCT-001,2026-02-18 07:11:00+00:00,Storage,DB-GP-2,968700.0,682.59,ap-south-1,t-77,False
U6465,ACCT-004,2026-01-29 17:45:00+00:00,Storage,VM-STD-4,4107.0,564.55,ap-south-1,T-45,False
U6466,ACCT-003,2026-08-10 11:25:00+00:00,Compute,STORAGE-PREM,395640.0,1879.81,ap-south-1,t-33,False
U6467,ACCT-003,2026-11-24 06:31:00+00:00,Networking,DB-GP-2,188220.0,942.39,ap-south-1,T-45,False
U6468,ACCT-004,2026-08-23 15:21:00+00:00,Ai,DB-GP-2,7038.0,1329.26,ap-south-1,t-77,False
U6469,ACCT-002,2026-09-05 02:50:00+00:00,Storage,STORAGE-PREM,12725.0,869.02,us-east-1,T-45,False
U6470,ACCT-002,2026-07-28 05:11:00+00:00,Compute,STORAGE-PREM,15058.0,1932.69,us-east-1,t-33,False
U6471,ACCT-004,2026-03-10 21:01:00+00:00,Storage,VM-STD-4,2592000.0,1603.11,ap-south-1,T-45,False
U6472,ACCT-001,2026-04-22 16:40:00+00:00,Compute,VM-STD-4,749940.0,770.03,us-east-1,t-77,False
U6473,ACCT-001,2026-08-13 00:05:00+00:00,Ai,DB-GP-2,190320.0,355.15,ap-south-1,T-12,False
U6474,ACCT-004,2026-10-05 07:37:00+00:00,Storage,VM-STD-4,1096740.0,1069.95,ap-south-1,t-77,False
U6475,ACCT-003,2026-12-01 16:02:00+00:00,Storage,DB-GP-2,1411.0,21.22,us-east-1,T-45,False
U6476,ACCT-004,2026-09-20 19:36:00+00:00,Networking,VM-STD-4,959820.0,1028.9,ap-south-1,t-77,False
U6477,ACCT-003,2026-08-28 21:07:00+00:00,Storage,DB-GP-2,16730.0,739.17,ap-south-1,t-77,False
U6478,ACCT-002,2026-06-24 08:58:00+00:00,Storage,VM-STD-4,8695.0,192.21,ap-south-1,T-12,False
U6479,ACCT-001,2026-07-26 13:46:00+00:00,Compute,VM-STD-4,1692.0,384.35,ap-south-1,T-45,False
U6480,ACCT-002,2026-01-07 16:43:00+00:00,Storage,VM-STD-4,10117.0,678.32,ap-south-1,T-45,False
U6481,ACCT-002,2026-09-24 09:46:00+00:00,Networking,STORAGE-PREM,268740.0,550.2,ap-south-1,T-45,False
U6482,ACCT-004,2026-08-29 00:32:00+00:00,Compute,VM-STD-4,1111980.0,596.39,ap-south-1,t-77,False
U6483,ACCT-004,2026-10-15 11:03:00+00:00,Networking,STORAGE-PREM,2602800.0,1775.2,us-east-1,T-12,False
U6484,ACCT-003,2026-03-23 13:22:00+00:00,Database,STORAGE-PREM,586440.0,1895.06,us-east-1,T-45,False
U6485,ACCT-002,2026-04-14 05:31:00+00:00,Compute,VM-STD-4,34624800.0,817.62,us-east-1,T-45,False
U6486,ACCT-001,2026-05-04 12:25:00+00:00,Networking,VM-STD-4,27500400.0,476.56,ap-south-1,t-33,False
U6487,ACCT-001,2026-10-17 11:09:00+00:00,Networking,VM-STD-4,17309.0,835.69,ap-south-1,t-33,False
U6488,ACCT-003,2026-04-09 04:37:00+00:00,Database,VM-STD-4,1133100.0,198.34,ap-south-1,t-33,False
U6489,ACCT-002,2026-10-02 09:01:00+00:00,Ai,STORAGE-PREM,54756000.0,11.16,ap-south-1,T-12,False
U6490,ACCT-003,2026-12-07 02:00:00+00:00,Networking,STORAGE-PREM,1479600.0,1936.94,ap-south-1,T-45,False
U6491,ACCT-003,2026-07-28 14:46:00+00:00,Storage,DB-GP-2,19092.0,718.65,ap-south-1,t-77,False
U6492,ACCT-002,2026-04-03 06:39:00+00:00,Database,DB-GP-2,40348800.0,1638.43,ap-south-1,t-33,False
U6493,ACCT-001,2026-03-03 12:10:00+00:00,Networking,VM-STD-4,17691.0,517.54,ap-south-1,T-12,False
U6494,ACCT-004,2026-10-08 20:04:00+00:00,Ai,VM-STD-4,60577200.0,1299.27,ap-south-1,t-33,False
U6495,ACCT-004,2026-07-09 04:37:00+00:00,Storage,STORAGE-PREM,19604.0,450.23,ap-south-1,T-12,False
U6496,ACCT-003,2026-03-24 14:38:00+00:00,Compute,VM-STD-4,42307200.0,153.72,ap-south-1,t-77,False
U6497,ACCT-002,2026-12-13 02:54:00+00:00,Networking,DB-GP-2,4306.0,458.85,ap-south-1,T-12,False
U6498,ACCT-001,2026-05-01 06:13:00+00:00,Database,DB-GP-2,51285600.0,1476.6,ap-south-1,T-12,False
U6499,ACCT-004,2026-07-06 19:35:00+00:00,Ai,VM-STD-4,7457.0,1536.23,ap-south-1,T-12,False
U6500,ACCT-001,2026-07-05 06:18:00+00:00,Ai,STORAGE-PREM,1061520.0,1340.16,ap-south-1,T-45,False
U6501,ACCT-004,2026-04-25 09:05:00+00:00,Networking,VM-STD-4,696660.0,1203.66,ap-south-1,T-12,False
U6502,ACCT-002,2026-07-02 19:33:00+00:00,Networking,VM-STD-4,16539.0,1074.03,ap-south-1,T-12,False
U6503,ACCT-003,2026-04-18 14:54:00+00:00,Ai,VM-STD-4,104580.0,1367.24,ap-south-1,t-33,False
U6504,ACCT-001,2026-01-10 15:02:00+00:00,Ai,VM-STD-4,1132560.0,1299.39,ap-south-1,T-12,False
U6505,ACCT-002,2026-11-26 22:58:00+00:00,Database,VM-STD-4,8479.0,1709.83,ap-south-1,T-12,False
U6506,ACCT-001,2026-06-07 16:15:00+00:00,Compute,VM-STD-4,15523.0,872.46,ap-south-1,t-77,False
U6507,ACCT-003,2026-05-03 15:18:00+00:00,Database,VM-STD-4,189420.0,1961.45,ap-south-1,t-33,False
U6508,ACCT-004,2026-11-23 16:54:00+00:00,Database,DB-GP-2,19148.0,1000.2,ap-south-1,T-45,False
U6509,ACCT-002,2026-03-03 19:08:00+00:00,Compute,STORAGE-PREM,4967.0,259.97,ap-south-1,t-77,False
U6510,ACCT-004,2026-03-25 16:56:00+00:00,Compute,VM-STD-4,6236.0,331.25,ap-south-1,t-77,False
U6511,ACCT-001,2026-04-23 13:09:00+00:00,Storage,VM-STD-4,31309200.0,1993.91,ap-south-1,T-12,False
U6512,ACCT-002,2026-01-01 06:41:00+00:00,Ai,DB-GP-2,6801.0,1278.23,ap-south-1,t-77,False
U6513,ACCT-004,2026-01-15 02:07:00+00:00,Networking,DB-GP-2,126180.0,398.24,ap-south-1,T-12,False
U6514,ACCT-002,2026-02-17 14:12:00+00:00,Networking,STORAGE-PREM,2773.0,1341.27,ap-south-1,t-77,False
U6515,ACCT-004,2026-11-11 08:38:00+00:00,Storage,VM-STD-4,16305.0,1159.14,ap-south-1,T-12,False
U6516,ACCT-001,2026-08-17 10:39:00+00:00,Compute,STORAGE-PREM,11236.0,311.24,ap-south-1,t-77,False
U6517,ACCT-002,2026-03-05 01:20:00+00:00,Storage,STORAGE-PREM,14564.0,1720.4,ap-south-1,t-77,False
U6518,ACCT-004,2026-02-14 00:49:00+00:00,Ai,VM-STD-4,71949600.0,499.29,us-east-1,t-33,False
U6519,ACCT-004,2026-01-28 06:42:00+00:00,Compute,STORAGE-PREM,194460.0,1344.29,us-east-1,t-33,False
U6520,ACCT-001,2026-03-11 03:34:00+00:00,Ai,VM-STD-4,65966400.0,1943.46,ap-south-1,t-77,False
U6521,ACCT-003,2026-01-08 21:11:00+00:00,Storage,VM-STD-4,67377600.0,946.03,ap-south-1,t-77,False
U6522,ACCT-004,2026-05-04 06:38:00+00:00,Database,VM-STD-4,16727.0,1166.39,us-east-1,t-77,False
U6523,ACCT-003,2026-10-04 15:59:00+00:00,Networking,VM-STD-4,1040460.0,675.85,ap-south-1,t-77,False
U6524,ACCT-003,2026-07-19 22:32:00+00:00,Networking,VM-STD-4,19917.0,1851.26,ap-south-1,T-12,False
U6525,ACCT-004,2026-02-17 06:52:00+00:00,Networking,VM-STD-4,809.0,1637.89,ap-south-1,t-33,False
U6526,ACCT-002,2026-06-11 22:07:00+00:00,Storage,VM-STD-4,2252.0,1423.82,us-east-1,t-77,False
U6527,ACCT-003,2026-03-01 23:51:00+00:00,Networking,VM-STD-4,707.0,1557.44,ap-south-1,T-12,False
U6528,ACCT-002,2026-01-04 03:23:00+00:00,Database,VM-STD-4,3968.0,748.25,ap-south-1,t-33,False
U6529,ACCT-003,2026-07-13 13:45:00+00:00,Storage,VM-STD-4,1045980.0,1648.51,ap-south-1,T-12,False
U6530,ACCT-001,2026-04-14 20:06:00+00:00,Compute,VM-STD-4,10532.0,622.51,ap-south-1,t-33,False
U6531,ACCT-003,2026-03-23 08:58:00+00:00,Compute,STORAGE-PREM,5554.0,952.95,ap-south-1,t-33,False
U6532,ACCT-001,2026-01-30 20:50:00+00:00,Storage,VM-STD-4,1377.0,1829.11,ap-south-1,T-12,False
U6533,ACCT-003,2026-06-29 12:13:00+00:00,Compute,VM-STD-4,7019.0,415.17,ap-south-1,t-33,False
U6534,ACCT-002,2026-11-09 23:45:00+00:00,Networking,VM-STD-4,36028800.0,610.99,ap-south-1,t-33,False
U6535,ACCT-002,2026-02-18 04:25:00+00:00,Networking,VM-STD-4,18354.0,1086.07,ap-south-1,T-12,False
U6536,ACCT-003,2026-10-25 14:36:00+00:00,Database,VM-STD-4,56167200.0,508.79,ap-south-1,t-77,False
U6537,ACCT-003,2026-06-16 09:38:00+00:00,Compute,VM-STD-4,817920.0,1129.75,ap-south-1,t-33,False
U6538,ACCT-003,2026-09-09 05:06:00+00:00,Database,VM-STD-4,858540.0,324.35,us-east-1,T-12,False
U6539,ACCT-004,2026-04-02 07:49:00+00:00,Compute,VM-STD-4,19242.0,543.9,ap-south-1,T-45,False
U6540,ACCT-001,2026-06-30 20:13:00+00:00,Ai,STORAGE-PREM,14578.0,1085.68,ap-south-1,T-12,False
U6541,ACCT-001,2026-04-15 16:19:00+00:00,Database,VM-STD-4,13901.0,1102.25,ap-south-1,T-45,False
U6542,ACCT-003,2026-03-03 10:35:00+00:00,Networking,STORAGE-PREM,224150.0,10266.6,ap-south-1,t-77,False
U6543,ACCT-001,2026-05-03 15:11:00+00:00,Compute,STORAGE-PREM,37850400.0,546.24,ap-south-1,T-12,False
U6544,ACCT-002,2026-06-07 19:01:00+00:00,Storage,VM-STD-4,13174.0,300.45,ap-south-1,T-12,False
U6545,ACCT-003,2026-09-11 02:42:00+00:00,Database,VM-STD-4,9914400.0,292.22,us-east-1,t-33,False
U6546,ACCT-002,2026-06-29 00:55:00+00:00,Compute,VM-STD-4,6004800.0,217.49,ap-south-1,t-33,False
U6547,ACCT-004,2026-12-04 18:54:00+00:00,Database,VM-STD-4,13681.0,460.6,ap-south-1,t-33,False
U6548,ACCT-003,2026-05-13 05:06:00+00:00,Compute,VM-STD-4,11424.0,1235.01,ap-south-1,T-45,False
U6549,ACCT-001,2026-09-13 14:40:00+00:00,Ai,VM-STD-4,4987.0,1438.16,ap-south-1,T-45,False
U6550,ACCT-004,2026-11-09 08:42:00+00:00,Networking,VM-STD-4,476940.0,1148.77,ap-south-1,t-77,False
U6551,ACCT-004,2026-05-04 23:19:00+00:00,Database,VM-STD-4,4023.0,1240.26,us-east-1,T-45,False
U6552,ACCT-002,2026-06-19 15:50:00+00:00,Database,VM-STD-4,607860.0,1466.3,ap-south-1,t-33,False
U6553,ACCT-002,2026-06-11 17:19:00+00:00,Storage,DB-GP-2,21412800.0,873.07,ap-south-1,t-77,False
U6554,ACCT-004,2026-02-20 10:20:00+00:00,Storage,DB-GP-2,3653.0,129.98,ap-south-1,t-77,False
U6555,ACCT-001,2026-12-01 10:57:00+00:00,Networking,DB-GP-2,21279600.0,1886.7,ap-south-1,t-33,False
U6556,ACCT-002,2026-11-02 13:18:00+00:00,Compute,STORAGE-PREM,489960.0,1737.06,ap-south-1,t-77,False
U6557,ACCT-002,2026-12-11 22:30:00+00:00,Database,STORAGE-PREM,51602400.0,1581.42,ap-south-1,T-12,False
U6558,ACCT-002,2026-08-14 00:07:00+00:00,Storage,VM-STD-4,8868.0,1015.49,ap-south-1,t-77,False
U6559,ACCT-001,2026-07-15 05:40:00+00:00,Storage,VM-STD-4,1150.0,1815.36,ap-south-1,t-33,False
U6560,ACCT-002,2026-06-11 12:37:00+00:00,Networking,DB-GP-2,18380.0,1502.71,ap-south-1,t-33,False
U6561,ACCT-003,2026-07-08 21:10:00+00:00,Compute,DB-GP-2,6977.0,1320.92,ap-south-1,T-12,False
U6562,ACCT-004,2026-10-27 02:25:00+00:00,Compute,VM-STD-4,4045.0,755.16,ap-south-1,t-33,False
U6563,ACCT-003,2026-04-30 00:02:00+00:00,Compute,VM-STD-4,332.0,63.14,ap-south-1,T-45,False
U6564,ACCT-003,2026-10-15 20:02:00+00:00,Database,VM-STD-4,36874800.0,42.51,ap-south-1,t-33,False
U6565,ACCT-003,2026-10-10 05:35:00+00:00,Compute,VM-STD-4,6648.0,444.34,ap-south-1,T-12,False
U6566,ACCT-002,2026-07-19 15:43:00+00:00,Ai,VM-STD-4,1359.0,706.37,ap-south-1,T-45,False
U6567,ACCT-004,2026-05-10 11:40:00+00:00,Networking,VM-STD-4,773880.0,1387.5,ap-south-1,T-12,False
U6568,ACCT-002,2026-11-19 02:58:00+00:00,Networking,VM-STD-4,15731.0,680.34,ap-south-1,t-33,False
U6569,ACCT-004,2026-01-15 16:49:00+00:00,Ai,VM-STD-4,65124000.0,171.16,us-east-1,t-77,False
U6570,ACCT-003,2026-07-19 08:07:00+00:00,Database,VM-STD-4,11297.0,1608.65,ap-south-1,t-77,False
U6571,ACCT-004,2026-04-12 09:06:00+00:00,Storage,VM-STD-4,17924400.0,50.93,ap-south-1,t-77,False
U6572,ACCT-003,2026-11-09 03:18:00+00:00,Ai,VM-STD-4,1017600.0,426.25,ap-south-1,t-33,False
U6573,ACCT-004,2026-09-07 01:35:00+00:00,Storage,VM-STD-4,51753600.0,1486.43,ap-south-1,t-77,False
U6574,ACCT-001,2026-01-10 23:35:00+00:00,Storage,STORAGE-PREM,1943.0,1123.48,ap-south-1,T-45,False
U6575,ACCT-001,2026-06-03 21:53:00+00:00,Compute,VM-STD-4,9162000.0,1864.69,ap-south-1,t-33,False
U6576,ACCT-002,2026-02-22 18:12:00+00:00,Networking,DB-GP-2,20080800.0,1770.06,ap-south-1,T-12,False
U6577,ACCT-001,2026-01-26 03:16:00+00:00,Compute,STORAGE-PREM,9960.0,1376.74,ap-south-1,T-45,False
U6578,ACCT-003,2026-06-01 12:45:00+00:00,Networking,VM-STD-4,119220.0,345.29,ap-south-1,T-12,False
U6579,ACCT-001,2026-03-11 15:34:00+00:00,Compute,STORAGE-PREM,1785.0,225.47,ap-south-1,t-33,False
U6580,ACCT-002,2026-10-31 20:04:00+00:00,Ai,VM-STD-4,8389.0,616.61,ap-south-1,T-45,False
U6581,ACCT-001,2026-10-06 08:27:00+00:00,Ai,VM-STD-4,32637600.0,653.67,us-east-1,T-45,False
U6582,ACCT-001,2026-06-03 20:11:00+00:00,Compute,VM-STD-4,44784000.0,1065.19,ap-south-1,t-33,False
U6583,ACCT-004,2026-08-13 08:34:00+00:00,Ai,VM-STD-4,544650.0,25243.0,us-east-1,t-77,False
U6584,ACCT-002,2026-01-20 00:06:00+00:00,Storage,VM-STD-4,7029.0,162.99,ap-south-1,t-33,False
U6585,ACCT-002,2026-02-08 21:06:00+00:00,Ai,VM-STD-4,318660.0,910.23,us-east-1,t-77,False
U6586,ACCT-004,2026-05-05 05:34:00+00:00,Ai,VM-STD-4,12937.0,160.0,us-east-1,t-33,False
U6587,ACCT-004,2026-03-19 00:54:00+00:00,Database,VM-STD-4,19595.0,375.36,ap-south-1,T-45,False
U6588,ACCT-004,2026-03-14 06:35:00+00:00,Database,VM-STD-4,382560.0,469.62,ap-south-1,T-12,False
U6589,ACCT-002,2026-05-19 08:28:00+00:00,Database,STORAGE-PREM,14524.0,993.3,us-east-1,t-77,False
U6590,ACCT-001,2026-03-14 17:46:00+00:00,Compute,VM-STD-4,58122000.0,30101.8,ap-south-1,T-45,False
U6591,ACCT-002,2026-09-19 17:29:00+00:00,Database,VM-STD-4,16675200.0,611.98,ap-south-1,t-33,False
U6592,ACCT-004,2026-04-10 11:25:00+00:00,Storage,STORAGE-PREM,15123600.0,84.24,ap-south-1,t-77,False
U6593,ACCT-004,2026-10-16 01:37:00+00:00,Database,DB-GP-2,13944.0,1643.04,ap-south-1,T-12,False
U6594,ACCT-001,2026-01-08 10:14:00+00:00,Compute,VM-STD-4,1164.0,653.72,ap-south-1,T-12,False
U6595,ACCT-002,2026-08-31 05:28:00+00:00,Database,DB-GP-2,2368.0,1930.15,us-east-1,t-33,False
U6596,ACCT-004,2026-08-21 03:57:00+00:00,Storage,STORAGE-PREM,428280.0,697.27,ap-south-1,t-33,False
U6597,ACCT-002,2026-12-03 23:12:00+00:00,Ai,VM-STD-4,2047.0,988.85,ap-south-1,T-45,False
U6598,ACCT-002,2026-01-01 16:55:00+00:00,Storage,DB-GP-2,1159380.0,1731.32,ap-south-1,t-33,False
U6599,ACCT-001,2026-04-27 23:59:00+00:00,Ai,VM-STD-4,19514.0,432.36,ap-south-1,T-12,False
U6600,ACCT-001,2026-04-20 20:54:00+00:00,Storage,DB-GP-2,10493.0,946.82,ap-south-1,T-45,False
U6601,ACCT-004,2026-03-24 01:47:00+00:00,Ai,VM-STD-4,992100.0,1219.26,ap-south-1,T-45,False
U6602,ACCT-003,2026-01-25 17:50:00+00:00,Storage,VM-STD-4,12011.0,721.19,ap-south-1,t-33,False
U6603,ACCT-001,2026-05-29 09:33:00+00:00,Ai,VM-STD-4,723300.0,1513.69,ap-south-1,T-45,False
U6604,ACCT-002,2026-08-28 00:52:00+00:00,Storage,DB-GP-2,8454.0,981.24,ap-south-1,t-33,False
U6605,ACCT-004,2026-05-15 06:07:00+00:00,Database,VM-STD-4,19879.0,517.42,ap-south-1,T-12,False
U6606,ACCT-001,2026-10-20 06:45:00+00:00,Ai,VM-STD-4,5833.0,663.21,ap-south-1,T-45,False
U6607,ACCT-001,2026-08-07 01:34:00+00:00,Storage,VM-STD-4,200.0,136.71,ap-south-1,t-77,False
U6608,ACCT-003,2026-01-31 23:50:00+00:00,Compute,VM-STD-4,6351.0,769.68,us-east-1,T-45,False
U6609,ACCT-003,2026-01-25 14:33:00+00:00,Networking,VM-STD-4,15053.0,1403.66,ap-south-1,t-77,False
U6610,ACCT-004,2026-09-13 03:45:00+00:00,Ai,VM-STD-4,5336.0,929.05,us-east-1,T-12,False
U6611,ACCT-002,2026-10-23 09:29:00+00:00,Compute,DB-GP-2,546.0,73.27,ap-south-1,t-77,False
U6612,ACCT-004,2026-06-06 21:14:00+00:00,Database,DB-GP-2,9306.0,1051.88,ap-south-1,T-45,False
U6613,ACCT-002,2026-05-22 04:31:00+00:00,Storage,VM-STD-4,5665.0,109.12,ap-south-1,t-33,False
U6614,ACCT-004,2026-02-20 09:36:00+00:00,Ai,STORAGE-PREM,17283.0,1674.88,ap-south-1,t-77,False
U6615,ACCT-003,2026-07-12 18:19:00+00:00,Database,STORAGE-PREM,2330.0,1319.62,ap-south-1,t-33,False
U6616,ACCT-001,2026-02-20 23:29:00+00:00,Storage,VM-STD-4,10458000.0,752.61,ap-south-1,t-33,False
U6617,ACCT-001,2026-07-14 11:39:00+00:00,Ai,STORAGE-PREM,864600.0,15214.8,ap-south-1,t-77,False
U6618,ACCT-002,2026-01-18 22:25:00+00:00,Database,DB-GP-2,55200.0,56.33,ap-south-1,T-45,False
U6619,ACCT-001,2026-10-13 06:20:00+00:00,Networking,VM-STD-4,678120.0,1574.31,ap-south-1,T-12,False
U6620,ACCT-004,2026-06-03 05:33:00+00:00,Storage,VM-STD-4,556800.0,1979.78,ap-south-1,T-12,False
U6621,ACCT-001,2026-03-10 17:36:00+00:00,Database,DB-GP-2,38206800.0,1286.65,ap-south-1,T-12,False
U6622,ACCT-004,2026-12-06 05:15:00+00:00,Ai,DB-GP-2,10068.0,1693.68,ap-south-1,T-12,False
U6623,ACCT-001,2026-09-11 20:01:00+00:00,Networking,STORAGE-PREM,19514.0,1444.05,us-east-1,T-45,False
U6624,ACCT-004,2026-11-24 07:39:00+00:00,Networking,DB-GP-2,3779.0,556.33,us-east-1,T-12,False
U6625,ACCT-003,2026-04-14 08:01:00+00:00,Ai,DB-GP-2,875520.0,1064.54,ap-south-1,t-33,False
U6626,ACCT-001,2026-04-27 16:53:00+00:00,Compute,VM-STD-4,230.0,628.78,ap-south-1,T-12,False
U6627,ACCT-004,2026-02-07 14:48:00+00:00,Compute,DB-GP-2,14039.0,225.27,us-east-1,t-77,False
U6628,ACCT-001,2026-01-01 16:12:00+00:00,Database,STORAGE-PREM,986160.0,1467.37,ap-south-1,T-12,False
U6629,ACCT-002,2026-03-28 04:47:00+00:00,Networking,VM-STD-4,613080.0,601.3,us-east-1,T-12,False
U6630,ACCT-002,2026-02-01 06:35:00+00:00,Storage,VM-STD-4,69123600.0,1543.47,ap-south-1,t-77,False
U6631,ACCT-003,2026-06-04 05:46:00+00:00,Networking,VM-STD-4,5819.0,1366.03,ap-south-1,T-12,False
U6632,ACCT-001,2026-08-13 12:58:00+00:00,Database,VM-STD-4,13018.0,854.39,ap-south-1,T-45,False
U6633,ACCT-004,2026-09-16 05:29:00+00:00,Database,VM-STD-4,1108500.0,1088.92,ap-south-1,T-12,False
U6634,ACCT-003,2026-10-21 22:17:00+00:00,Ai,VM-STD-4,4246.0,215.01,us-east-1,T-45,False
U6635,ACCT-001,2026-11-30 11:47:00+00:00,Database,DB-GP-2,2880000.0,1367.6,ap-south-1,T-45,False
U6636,ACCT-001,2026-02-24 12:59:00+00:00,Storage,VM-STD-4,9045.0,1705.5,us-east-1,T-45,False
U6637,ACCT-002,2026-07-27 20:14:00+00:00,Ai,STORAGE-PREM,719280.0,1821.25,ap-south-1,T-45,False
U6638,ACCT-001,2026-05-29 01:25:00+00:00,Ai,DB-GP-2,1112.0,307.81,ap-south-1,t-33,False
U6639,ACCT-004,2026-08-03 20:03:00+00:00,Ai,STORAGE-PREM,22899600.0,1769.16,ap-south-1,T-45,False
U6640,ACCT-002,2026-04-29 01:05:00+00:00,Compute,VM-STD-4,59706000.0,1765.42,ap-south-1,t-77,False
U6641,ACCT-004,2026-08-03 11:12:00+00:00,Compute,VM-STD-4,9626.0,1239.19,ap-south-1,t-33,False
U6642,ACCT-002,2026-08-03 12:35:00+00:00,Storage,DB-GP-2,349080.0,242.0,us-east-1,t-33,False
U6643,ACCT-004,2026-11-09 10:27:00+00:00,Database,VM-STD-4,781200.0,14.53,ap-south-1,t-33,False
U6644,ACCT-002,2026-03-23 21:59:00+00:00,Networking,DB-GP-2,1002300.0,971.85,ap-south-1,T-12,False
U6645,ACCT-004,2026-12-12 07:34:00+00:00,Compute,DB-GP-2,549.0,1903.41,ap-south-1,t-77,False
U6646,ACCT-003,2026-09-26 05:54:00+00:00,Database,VM-STD-4,519900.0,701.08,ap-south-1,T-45,False
U6647,ACCT-001,2026-03-30 20:37:00+00:00,Storage,STORAGE-PREM,526600.0,13300.8,ap-south-1,T-12,False
U6648,ACCT-003,2026-01-12 22:03:00+00:00,Compute,VM-STD-4,15927.0,1545.07,ap-south-1,t-33,False
U6649,ACCT-001,2026-06-09 06:19:00+00:00,Database,VM-STD-4,10847.0,834.66,us-east-1,t-33,False
U6650,ACCT-004,2026-11-19 02:58:00+00:00,Compute,STORAGE-PREM,1161660.0,853.71,ap-south-1,T-45,False
U6651,ACCT-001,2026-07-13 07:27:00+00:00,Storage,VM-STD-4,3298.0,1074.63,ap-south-1,t-77,False
U6652,ACCT-002,2026-09-23 08:42:00+00:00,Compute,VM-STD-4,337800.0,1660.7,us-east-1,t-33,False
U6653,ACCT-002,2026-11-25 17:57:00+00:00,Database,DB-GP-2,7776.0,1847.05,ap-south-1,T-45,False
U6654,ACCT-001,2026-02-11 18:52:00+00:00,Ai,VM-STD-4,39636000.0,1195.75,ap-south-1,T-12,False
U6655,ACCT-003,2026-09-06 00:30:00+00:00,Database,VM-STD-4,745020.0,574.8,us-east-1,T-45,False
U6656,ACCT-001,2026-07-06 06:54:00+00:00,Compute,DB-GP-2,16261.0,948.77,ap-south-1,T-45,False
U6657,ACCT-002,2026-11-30 10:59:00+00:00,Storage,DB-GP-2,1763.0,1359.0,ap-south-1,t-77,False
U6658,ACCT-002,2026-01-19 02:43:00+00:00,Database,VM-STD-4,504180.0,1471.78,us-east-1,T-45,False
U6659,ACCT-001,2026-06-18 05:25:00+00:00,Compute,VM-STD-4,12061.0,1455.03,ap-south-1,T-12,False
U6660,ACCT-001,2026-11-01 22:42:00+00:00,Networking,VM-STD-4,7077.0,1635.34,ap-south-1,T-45,False
U6661,ACCT-004,2026-10-02 11:01:00+00:00,Ai,VM-STD-4,12346.0,604.38,ap-south-1,T-45,False
U6662,ACCT-003,2026-03-06 13:16:00+00:00,Networking,VM-STD-4,6192000.0,653.53,us-east-1,t-77,False
U6663,ACCT-002,2026-05-12 23:37:00+00:00,Database,VM-STD-4,156360.0,1116.42,us-east-1,t-77,False
U6664,ACCT-001,2026-01-14 21:46:00+00:00,Storage,VM-STD-4,10982.0,934.51,ap-south-1,t-33,False
U6665,ACCT-004,2026-12-05 12:31:00+00:00,Ai,DB-GP-2,12236400.0,1849.35,ap-south-1,t-77,False
U6666,ACCT-002,2026-05-13 18:29:00+00:00,Networking,DB-GP-2,3246.0,227.36,ap-south-1,t-77,False
U6667,ACCT-002,2026-02-23 10:25:00+00:00,Storage,STORAGE-PREM,45363600.0,56.39,ap-south-1,t-33,False
U6668,ACCT-002,2026-11-01 08:49:00+00:00,Storage,VM-STD-4,14313600.0,1131.32,ap-south-1,T-45,False
U6669,ACCT-001,2026-11-24 13:10:00+00:00,Ai,STORAGE-PREM,19915.0,81.65,ap-south-1,T-45,False
U6670,ACCT-003,2026-01-08 20:24:00+00:00,Compute,VM-STD-4,42120000.0,679.84,ap-south-1,t-77,False
U6671,ACCT-001,2026-08-03 04:28:00+00:00,Networking,VM-STD-4,464100.0,25006.199999999997,ap-south-1,t-33,False
U6672,ACCT-004,2026-08-23 10:13:00+00:00,Storage,VM-STD-4,1057020.0,999.69,ap-south-1,t-33,False
U6673,ACCT-004,2026-03-23 08:43:00+00:00,Storage,VM-STD-4,31554000.0,1647.38,ap-south-1,T-45,False
U6674,ACCT-003,2026-06-27 12:48:00+00:00,Networking,STORAGE-PREM,8845200.0,773.12,ap-south-1,T-12,False
U6675,ACCT-002,2026-09-04 19:51:00+00:00,Compute,VM-STD-4,827220.0,166.84,us-east-1,T-45,False
U6676,ACCT-004,2026-06-11 07:36:00+00:00,Database,STORAGE-PREM,50893200.0,1036.62,ap-south-1,T-12,False
U6677,ACCT-004,2026-03-17 11:02:00+00:00,Compute,VM-STD-4,49443000.0,16587.0,ap-south-1,T-45,False
U6678,ACCT-001,2026-02-02 09:05:00+00:00,Ai,VM-STD-4,3146.0,1858.76,ap-south-1,t-33,False
U6679,ACCT-004,2026-03-12 01:45:00+00:00,Compute,VM-STD-4,6362.0,595.32,us-east-1,t-33,False
U6680,ACCT-003,2026-10-19 07:34:00+00:00,Storage,STORAGE-PREM,51123600.0,1740.39,ap-south-1,T-45,False
U6681,ACCT-003,2026-02-12 18:17:00+00:00,Storage,STORAGE-PREM,57956400.0,1777.1,us-east-1,T-12,False
U6682,ACCT-004,2026-06-29 00:49:00+00:00,Storage,VM-STD-4,15900.0,1853.57,us-east-1,t-33,False
U6683,ACCT-002,2026-04-15 02:00:00+00:00,Ai,VM-STD-4,253740.0,1258.36,ap-south-1,T-12,False
U6684,ACCT-002,2026-01-27 05:01:00+00:00,Networking,DB-GP-2,4955.0,679.03,us-east-1,t-33,False
U6685,ACCT-002,2026-06-03 03:25:00+00:00,Compute,STORAGE-PREM,823020.0,348.71,ap-south-1,t-33,False
U6686,ACCT-002,2026-08-05 16:58:00+00:00,Storage,STORAGE-PREM,12713.0,757.78,us-east-1,T-45,False
U6687,ACCT-003,2026-11-09 06:47:00+00:00,Compute,STORAGE-PREM,8870.0,1089.25,ap-south-1,T-12,False
U6688,ACCT-001,2026-09-02 08:57:00+00:00,Networking,VM-STD-4,13449.0,868.82,ap-south-1,T-12,False
U6689,ACCT-001,2026-03-08 03:52:00+00:00,Storage,DB-GP-2,5295600.0,62.57,us-east-1,t-77,False
U6690,ACCT-001,2026-03-07 15:29:00+00:00,Storage,STORAGE-PREM,4748.0,986.53,us-east-1,t-77,False
U6691,ACCT-004,2026-10-29 12:30:00+00:00,Networking,VM-STD-4,69940800.0,1747.41,us-east-1,t-77,False
U6692,ACCT-003,2026-01-06 12:00:00+00:00,Database,DB-GP-2,58172400.0,1577.37,ap-south-1,T-45,False
U6693,ACCT-003,2026-02-12 19:25:00+00:00,Ai,VM-STD-4,443160.0,1693.19,us-east-1,T-12,False
U6694,ACCT-003,2026-09-06 20:52:00+00:00,Database,VM-STD-4,7166.0,1135.23,ap-south-1,t-77,False
U6695,ACCT-001,2026-08-14 00:36:00+00:00,Database,DB-GP-2,9431.0,1584.54,ap-south-1,t-33,False
U6696,ACCT-002,2026-11-28 18:02:00+00:00,Compute,VM-STD-4,44179200.0,1445.0,ap-south-1,t-33,False
U6697,ACCT-002,2026-01-19 13:35:00+00:00,Networking,DB-GP-2,35244000.0,1136.85,ap-south-1,t-77,False
U6698,ACCT-004,2026-06-28 11:59:00+00:00,Ai,STORAGE-PREM,1712.0,782.08,ap-south-1,t-33,False
U6699,ACCT-002,2026-09-14 05:04:00+00:00,Ai,STORAGE-PREM,9410.0,1845.59,ap-south-1,t-33,False
U6700,ACCT-002,2026-03-30 23:58:00+00:00,Ai,DB-GP-2,513420.0,10.29,ap-south-1,T-12,False
U6701,ACCT-003,2026-02-05 20:17:00+00:00,Networking,STORAGE-PREM,4795.0,862.56,ap-south-1,T-45,False
U6702,ACCT-003,2026-11-02 20:54:00+00:00,Compute,VM-STD-4,4964.0,550.99,ap-south-1,T-45,False
U6703,ACCT-004,2026-08-04 02:51:00+00:00,Storage,VM-STD-4,553140.0,1655.09,us-east-1,T-12,False
U6704,ACCT-001,2026-04-27 11:28:00+00:00,Database,VM-STD-4,21535200.0,823.28,ap-south-1,t-77,False
U6705,ACCT-003,2026-05-02 18:44:00+00:00,Networking,VM-STD-4,982800.0,572.22,us-east-1,t-33,False
U6706,ACCT-003,2026-01-27 20:53:00+00:00,Storage,DB-GP-2,13680.0,30.53,ap-south-1,T-45,False
U6707,ACCT-004,2026-01-08 15:59:00+00:00,Database,VM-STD-4,13252.0,1188.47,ap-south-1,T-45,False
U6708,ACCT-001,2026-01-07 13:03:00+00:00,Storage,DB-GP-2,5011.0,320.71,ap-south-1,T-45,False
U6709,ACCT-004,2026-02-26 00:15:00+00:00,Networking,VM-STD-4,45633600.0,1530.07,us-east-1,T-45,False
U6710,ACCT-004,2026-06-25 17:27:00+00:00,Storage,DB-GP-2,110880.0,1892.79,ap-south-1,T-12,False
U6711,ACCT-004,2026-11-12 04:19:00+00:00,Storage,VM-STD-4,675900.0,1818.8,us-east-1,t-33,False
U6712,ACCT-004,2026-10-30 14:46:00+00:00,Storage,DB-GP-2,259380.0,1812.23,ap-south-1,t-33,False
U6713,ACCT-004,2026-12-01 17:54:00+00:00,Storage,STORAGE-PREM,7459.0,1555.67,ap-south-1,t-33,False
U6714,ACCT-001,2026-09-16 21:13:00+00:00,Ai,VM-STD-4,368940.0,986.23,us-east-1,T-12,False
U6715,ACCT-003,2026-08-29 21:40:00+00:00,Ai,DB-GP-2,15075.0,970.21,ap-south-1,T-45,False
U6716,ACCT-001,2026-01-05 14:58:00+00:00,Database,STORAGE-PREM,7928.0,90.29,ap-south-1,t-33,False
U6717,ACCT-002,2026-06-14 17:40:00+00:00,Storage,STORAGE-PREM,15131.0,863.82,us-east-1,t-77,False
U6718,ACCT-003,2026-05-02 20:11:00+00:00,Ai,VM-STD-4,7949.0,1923.87,ap-south-1,T-45,False
U6719,ACCT-003,2026-06-07 22:29:00+00:00,Database,VM-STD-4,1094400.0,80.78,us-east-1,T-45,False
U6720,ACCT-001,2026-11-02 03:18:00+00:00,Networking,VM-STD-4,12261600.0,1843.13,us-east-1,T-12,False
U6721,ACCT-001,2026-01-24 18:46:00+00:00,Database,VM-STD-4,3530.0,639.51,ap-south-1,t-77,False
U6722,ACCT-003,2026-08-17 22:07:00+00:00,Database,DB-GP-2,1104780.0,368.68,ap-south-1,T-12,False
U6723,ACCT-001,2026-08-01 16:45:00+00:00,Storage,VM-STD-4,434.0,333.83,ap-south-1,t-77,False
U6724,ACCT-003,2026-08-16 09:50:00+00:00,Networking,VM-STD-4,7646400.0,1944.58,ap-south-1,T-12,False
U6725,ACCT-002,2026-11-10 13:29:00+00:00,Networking,VM-STD-4,213300.0,14.52,ap-south-1,T-45,False
U6726,ACCT-004,2026-12-13 08:15:00+00:00,Ai,DB-GP-2,3414.0,245.93,ap-south-1,t-33,False
U6727,ACCT-002,2026-04-14 14:27:00+00:00,Storage,VM-STD-4,11829.0,268.42,ap-south-1,T-45,False
U6728,ACCT-002,2026-05-08 20:56:00+00:00,Networking,VM-STD-4,15551.0,1599.92,ap-south-1,t-33,False
U6729,ACCT-001,2026-05-19 07:19:00+00:00,Networking,VM-STD-4,40687200.0,1442.04,ap-south-1,T-45,False
U6730,ACCT-002,2026-01-31 00:43:00+00:00,Database,VM-STD-4,3805.0,385.65,us-east-1,t-77,False
U6731,ACCT-002,2026-02-25 10:38:00+00:00,Database,DB-GP-2,17174.0,1762.65,ap-south-1,T-45,False
U6732,ACCT-004,2026-05-29 08:53:00+00:00,Database,STORAGE-PREM,10167.0,392.99,us-east-1,T-45,False
U6733,ACCT-004,2026-11-06 00:18:00+00:00,Ai,STORAGE-PREM,28998000.0,883.58,us-east-1,T-45,False
U6734,ACCT-002,2026-01-06 02:56:00+00:00,Compute,VM-STD-4,18595.0,778.99,ap-south-1,t-77,False
U6735,ACCT-003,2026-05-25 07:33:00+00:00,Compute,VM-STD-4,550740.0,1459.85,ap-south-1,T-12,False
U6736,ACCT-004,2026-10-07 11:21:00+00:00,Compute,VM-STD-4,650220.0,1063.8,ap-south-1,t-77,False
U6737,ACCT-004,2026-04-01 21:19:00+00:00,Database,VM-STD-4,825180.0,928.86,ap-south-1,t-77,False
U6738,ACCT-004,2026-07-02 16:09:00+00:00,Networking,DB-GP-2,223620.0,1162.3,ap-south-1,t-33,False
U6739,ACCT-001,2026-03-15 07:30:00+00:00,Ai,STORAGE-PREM,48160800.0,1240.37,ap-south-1,t-77,False
U6740,ACCT-002,2026-12-09 07:36:00+00:00,Compute,DB-GP-2,905160.0,730.73,ap-south-1,T-12,False
U6741,ACCT-004,2026-05-14 20:07:00+00:00,Database,VM-STD-4,494400.0,1819.3,us-east-1,t-77,False
U6742,ACCT-001,2026-05-02 21:51:00+00:00,Networking,VM-STD-4,57258000.0,1053.13,ap-south-1,T-12,False
U6743,ACCT-004,2026-02-18 14:22:00+00:00,Ai,VM-STD-4,60278400.0,734.17,ap-south-1,t-77,False
U6744,ACCT-002,2026-05-13 01:10:00+00:00,Storage,STORAGE-PREM,11067000.0,26302.199999999997,ap-south-1,T-45,False
U6745,ACCT-001,2026-11-28 10:13:00+00:00,Ai,VM-STD-4,132800.0,39128.8,ap-south-1,T-12,False
U6746,ACCT-002,2026-09-27 20:13:00+00:00,Database,STORAGE-PREM,557760.0,1779.86,ap-south-1,T-45,False
U6747,ACCT-003,2026-02-14 17:57:00+00:00,Compute,STORAGE-PREM,961200.0,1412.42,ap-south-1,t-33,False
U6748,ACCT-004,2026-04-08 22:18:00+00:00,Storage,DB-GP-2,10483.0,1028.93,us-east-1,T-12,False
U6749,ACCT-003,2026-07-31 03:39:00+00:00,Networking,DB-GP-2,1067520.0,1810.66,us-east-1,t-33,False
U6750,ACCT-003,2026-09-11 00:24:00+00:00,Storage,VM-STD-4,8113.0,1303.77,ap-south-1,T-45,False
U6751,ACCT-003,2026-05-16 11:02:00+00:00,Storage,STORAGE-PREM,1193100.0,251.5,us-east-1,T-12,False
U6752,ACCT-004,2026-01-30 12:10:00+00:00,Storage,VM-STD-4,618.0,1557.12,ap-south-1,T-45,False
U6753,ACCT-001,2026-06-04 04:23:00+00:00,Ai,DB-GP-2,156960.0,879.2,ap-south-1,T-45,False
U6754,ACCT-001,2026-12-13 12:52:00+00:00,Storage,VM-STD-4,5262.0,698.13,ap-south-1,T-45,False
U6755,ACCT-001,2026-09-18 03:05:00+00:00,Storage,DB-GP-2,574.0,1153.91,us-east-1,t-33,False
U6756,ACCT-002,2026-10-03 09:57:00+00:00,Database,VM-STD-4,4201200.0,875.96,us-east-1,t-33,False
U6757,ACCT-004,2026-07-15 11:44:00+00:00,Storage,VM-STD-4,1086900.0,188.2,us-east-1,T-45,False
U6758,ACCT-002,2026-01-03 03:46:00+00:00,Ai,DB-GP-2,314580.0,819.57,us-east-1,T-45,False
U6759,ACCT-003,2026-09-06 14:23:00+00:00,Database,VM-STD-4,11939.0,171.13,ap-south-1,t-33,False
U6760,ACCT-003,2026-01-16 11:54:00+00:00,Database,VM-STD-4,67942800.0,484.13,us-east-1,t-33,False
U6761,ACCT-001,2026-06-04 01:15:00+00:00,Ai,STORAGE-PREM,12005.0,510.41,us-east-1,t-33,False
U6762,ACCT-004,2026-09-28 06:27:00+00:00,Database,STORAGE-PREM,33778800.0,1491.79,ap-south-1,T-45,False
U6763,ACCT-004,2026-08-15 02:07:00+00:00,Ai,STORAGE-PREM,17510.0,1439.77,ap-south-1,T-12,False
U6764,ACCT-001,2026-05-21 14:24:00+00:00,Database,STORAGE-PREM,4794.0,1947.55,ap-south-1,T-45,False
U6765,ACCT-003,2026-09-12 20:37:00+00:00,Database,DB-GP-2,16080.0,178.42,ap-south-1,T-45,False
U6766,ACCT-004,2026-05-13 07:47:00+00:00,Ai,VM-STD-4,17958.0,1445.28,us-east-1,T-45,False
U6767,ACCT-002,2026-01-16 12:56:00+00:00,Networking,STORAGE-PREM,464040.0,139.52,us-east-1,t-33,False
U6768,ACCT-001,2026-07-19 22:45:00+00:00,Storage,DB-GP-2,52477200.0,595.48,ap-south-1,t-77,False
U6769,ACCT-004,2026-08-21 10:19:00+00:00,Database,VM-STD-4,992220.0,757.0,ap-south-1,T-12,False
U6770,ACCT-001,2026-05-09 17:26:00+00:00,Networking,VM-STD-4,1459080000.0,25892.199999999997,us-east-1,t-77,True
U6771,ACCT-002,2026-09-13 23:28:00+00:00,Compute,VM-STD-4,5616.0,466.92,ap-south-1,t-77,False
U6772,ACCT-003,2026-08-09 05:04:00+00:00,Compute,VM-STD-4,19648800.0,845.08,ap-south-1,t-77,False
U6773,ACCT-002,2026-09-29 20:21:00+00:00,Ai,VM-STD-4,69192000.0,622.73,ap-south-1,T-45,False
U6774,ACCT-001,2026-02-13 15:04:00+00:00,Networking,VM-STD-4,40568400.0,368.34,ap-south-1,T-12,False
U6775,ACCT-003,2026-04-22 04:50:00+00:00,Database,VM-STD-4,6469.0,86.88,ap-south-1,t-33,False
U6776,ACCT-004,2026-09-19 02:09:00+00:00,Compute,VM-STD-4,7095.0,478.98,us-east-1,T-12,False
U6777,ACCT-004,2026-07-25 16:07:00+00:00,Storage,VM-STD-4,13957200.0,163.35,ap-south-1,t-77,False
U6778,ACCT-004,2026-02-17 16:10:00+00:00,Database,DB-GP-2,17671.0,311.86,ap-south-1,T-12,False
U6779,ACCT-002,2026-06-11 00:42:00+00:00,Ai,VM-STD-4,23418000.0,1955.61,us-east-1,T-45,False
U6780,ACCT-004,2026-10-20 01:23:00+00:00,Storage,VM-STD-4,4758.0,656.56,ap-south-1,T-12,False
U6781,ACCT-001,2026-06-26 07:34:00+00:00,Networking,DB-GP-2,24919200.0,926.34,us-east-1,t-33,False
U6782,ACCT-004,2026-02-14 02:49:00+00:00,Networking,VM-STD-4,22921200.0,1624.03,ap-south-1,T-45,False
U6783,ACCT-002,2026-08-05 01:12:00+00:00,Storage,VM-STD-4,66164400.0,1257.07,us-east-1,T-45,False
U6784,ACCT-003,2026-07-07 02:56:00+00:00,Storage,VM-STD-4,13641.0,208.54,ap-south-1,T-45,False
U6785,ACCT-004,2026-04-03 01:02:00+00:00,Networking,VM-STD-4,15394.0,1214.59,ap-south-1,T-12,False
U6786,ACCT-001,2026-06-29 01:49:00+00:00,Database,VM-STD-4,729000.0,1503.17,ap-south-1,t-33,False
U6787,ACCT-001,2026-06-25 06:08:00+00:00,Storage,DB-GP-2,12037.0,1953.98,ap-south-1,T-12,False
U6788,ACCT-004,2026-07-31 08:55:00+00:00,Storage,STORAGE-PREM,496260.0,835.03,ap-south-1,t-77,False
U6789,ACCT-001,2026-09-29 03:05:00+00:00,Database,VM-STD-4,1192980.0,214.51,us-east-1,t-33,False
U6790,ACCT-003,2026-07-17 00:07:00+00:00,Ai,VM-STD-4,9086.0,1640.69,us-east-1,t-77,False
U6791,ACCT-004,2026-06-11 05:34:00+00:00,Storage,DB-GP-2,3245.0,1276.27,ap-south-1,t-77,False
U6792,ACCT-004,2026-06-15 04:53:00+00:00,Compute,VM-STD-4,445560.0,289.55,ap-south-1,T-12,False
U6793,ACCT-001,2026-09-22 01:18:00+00:00,Compute,VM-STD-4,1083960.0,358.06,ap-south-1,t-33,False
U6794,ACCT-001,2026-04-17 00:47:00+00:00,Networking,DB-GP-2,8900.0,1185.07,ap-south-1,t-77,False
U6795,ACCT-001,2026-05-19 10:15:00+00:00,Ai,VM-STD-4,9722.0,1041.48,ap-south-1,t-77,False
U6796,ACCT-002,2026-11-18 02:21:00+00:00,Ai,VM-STD-4,9073.0,343.72,ap-south-1,T-12,False
U6797,ACCT-001,2026-05-26 15:45:00+00:00,Ai,VM-STD-4,58111200.0,523.49,ap-south-1,T-12,False
U6798,ACCT-001,2026-09-04 22:22:00+00:00,Database,VM-STD-4,2397.0,1421.53,ap-south-1,t-77,False
U6799,ACCT-003,2026-05-25 14:42:00+00:00,Storage,VM-STD-4,7269.0,657.7,ap-south-1,t-33,False
